Month,City_Name,Adak,Akhiok,Akiachak,Akiak,Akutan,Alakanuk,Alatna,Aleknagik,Allakaket,Ambler,Anaktuvuk Pass - C,Anaktuvuk Pass Res,Anchor Point,Anchorage,Anchorage Hillside,Anderson,Angoon,Aniak,Anvik,Arctic Village,Atka,Atmautluak,Atqasuk - Com,Atqasuk - Res,Auke Bay,Barrow,Beaver,Bethel,Bettles,Big Lake,Birch Creek,Bird Creek,Brevig Mission,Buckland,Cantwell,Central,Chalkyitsik,Chefornak,Chena Ridge,Chenega,Chevak,Chickaloon,Chicken,Chignik,Chignik Lake,Chiniak,Chistochina,Chitina,Chuathbaluk,Chugiak,Circle,Clam Gulch,Clark's Point,Clear,Coffman Cove,Cold Bay,Cooper Landing,Copper Center,Cordova,Craig,Crooked Creek,Deering,Delta Junction,Denali Nat'l Park,Dillingham,Diomede,Dot Lake,Douglas,Dutch Harbor,Eagle,Eagle River,Eek,Egegik,Ekwok,Elfin Cove,Elim,Emmonak,English Bay/Nanwal,Ester,Evansville,Eyak,Fairbanks,False Pass,Fort Yukon,Gakona,Galena,Gambell,Girdwood,Glennallen,Golovin,Goodnews Bay,Grayling,Gulkana,Gustavus,Haines,Healy,Hollis,Holy Cross,Homer,Hoonah,Hooper Bay,Hope,Houston,Hughes,Huslia,Hydaburg,Hyder,Igiugig,Iliamna,Indian,"Juneau, Airport","Juneau, City of",Kake,Kaktovik - Com,Kaktovik - Res,Kaltag,Karluk,Kasaan,Kasigluk,Kasilof,Kenai,Kenny Lake,Ketchikan,Kiana,King Cove,King Salmon,Kipnuk,Kivalina,Klawock,Klukwan,Kobuk,Kodiak,Kokhanok,Koliganek,Kongiganak,Kotlik,Kotzebue,Koyuk,Koyukuk,Kwethluk,Kwigillingok,Larsen Bay,Levelock,Lime Village,Lower Kalskag,Manley Hot Springs,Manokotak,Marshall,McCarthy,McGrath,Mekoryok,Mentasta Lake,Metlakatla,Minchumina,Minto,Moose Pass,Mountain Village,Naknek,Napakiak,Napaskiak,Naukati,Nelson Lagoon,Nenana,New Stuyahok,Newhalen,Newtok,Nightmute,Nikiski,Nikolaevsk,Nikolai,Nikolski,Ninilchik,Noatak,Nome,Nondalton,Noorvik,North Pole,Northway,Nuiqsut,Nulato,Nunapitchuk,Nunum Iqua,Old Harbor,Oscarville,Ouzinkie,Palmer,Paxson,Pedro Bay,Pelican,Perryville,Petersburg,Pilot Point,Pilot Station,Pitkas Point,Platinum,Point Baker,Point Hope Com,Point Hope Res,Point Lay,Port Alexander,Port Alsworth,Port Graham,Port Heiden,Port Lions,Port Protection,Quinhagak,Rampart,Ruby,Russian Mission,Saint George,Saint Mary's,Saint Michael,Saint Paul,Salcha,Sand Point,Savoonga,Saxman,Scammon Bay,Selawik,Seldovia,Seward,Shageluk,Shaktoolik,Shishmaref,Shungnak,Sitka,Skagway,Skwentna,Slana,Sleetmute,Soldotna,South Naknek,Stebbins,Sterling,Stevens Village,Stony River,Sutton,Takotna,Talkeetna,Tanacross,Tanana,Tatitlek,Tazlina,Teller,Tenakee Springs,Tetlin,Thorne Bay,Togiak,Tok,Toksook Bay,Tonsina,Trapper Creek,Tuluksak,Tuntutuliak,Tununak,Twin Hills,Tyonek,Ugashik,Unalakleet,Unalaska,Upper Kalskag,Valdez,Venetie,Wainwright Com,Wainwright Res,Wales,Ward Cove,Wasilla,Whale Pass,White Mountain,Whittier,Willow,Wiseman,Wrangell,Yakutat
,ID,2,283,84,85,3,294,163,295,4,45,296,315,248,1,320,305,5,6,152,8,9,86,39,316,11,12,159,13,14,16,160,310,56,46,19,21,22,87,321,241,72,26,27,28,128,284,229,29,108,299,30,249,117,32,33,34,36,37,38,214,109,47,15,308,118,57,179,301,306,181,300,88,129,119,189,58,73,245,309,164,240,293,143,161,230,165,59,275,231,60,89,153,232,190,188,182,213,154,257,191,74,258,274,166,167,215,211,130,131,298,200,292,203,317,40,168,285,216,90,261,262,233,207,48,144,125,91,49,217,194,50,286,133,120,92,75,51,61,169,93,94,287,134,110,111,171,121,76,234,155,95,235,210,170,172,263,77,126,96,97,312,145,302,122,135,98,99,264,265,156,147,266,52,62,136,53,304,183,41,173,100,83,288,101,289,276,236,137,192,138,204,139,78,79,102,223,318,42,43,205,140,246,141,290,226,103,174,175,80,148,81,63,149,307,146,64,208,82,54,269,247,157,65,66,55,201,195,277,237,114,270,127,67,271,176,115,278,158,279,184,177,242,238,68,199,185,227,123,186,104,239,280,105,106,107,124,272,142,69,151,116,243,162,319,44,70,209,281,311,71,244,282,178,202,193
,Place,Adak,Akhiok,Akiachak,Akiak,Akutan,Alakanuk,Alatna,Aleknagik,Allakaket,Ambler,Anaktuvuk Pass,Anaktuvuk Pass,Anchor Point,Anchorage,Anchorage Hillside,Anderson,Angoon,Aniak,Anvik,Arctic Village,Atka,Atmautluak,Atqasuk,Atqasuk,Auke Bay,Barrow,Beaver,Bethel,Bettles,Big Lake,Birch Creek,Bird Creek,Brevig Mission,Buckland,Cantwell,Central,Chalkyitsik,Chefornak,Chena Ridge,Chenega,Chevak,Chickaloon,Chicken,Chignik,Chignik Lake,Chiniak,Chistochina,Chitina,Chuathbaluk,Chugiak,Circle,Clam Gulch,Clark's Point,Clear,Coffman Cove,Cold Bay,Cooper Landing,Copper Center,Cordova,Craig,Crooked Creek,Deering,Delta Junction,McKinley Park,Dillingham,Diomede,Dot Lake,Douglas,Dutch Harbor,Eagle,Eagle River,Eek,Egegik,Ekwok,Elfin Cove,Elim,Emmonak,Nanwalek,Ester,Evansville,Eyak,Fairbanks,False Pass,Fort Yukon,Gakona,Galena,Gambell,Girdwood,Glennallen,Golovin,Goodnews Bay,Grayling,Gulkana,Gustavus,Haines,Healy,Hollis,Holy Cross,Homer,Hoonah,Hooper Bay,Hope,Houston,Hughes,Huslia,Hydaburg,Hyder,Igiugig,Iliamna,Indian,Juneau,Juneau,Kake,Kaktovik,Kaktovik,Kaltag,Karluk,Kasaan,Kasigluk,Kasilof,Kenai,Kenny Lake,Ketchikan,Kiana,King Cove,King Salmon,Kipnuk,Kivalina,Klawock,Klukwan,Kobuk,Kodiak,Kokhanok,Koliganek,Kongiganak,Kotlik,Kotzebue,Koyuk,Koyukuk,Kwethluk,Kwigillingok,Larsen Bay,Levelock,Lime Village,Lower Kalskag,Manley Hot Springs,Manokotak,Marshall,McCarthy,McGrath,Mekoryuk,Mentasta Lake,Metlakatla,Lake Minchumina,Minto,Moose Pass,Mountain Village,Naknek,Napakiak,Napaskiak,Naukati Bay,Nelson Lagoon,Nenana,New Stuyahok,Newhalen,Newtok,Nightmute,Nikiski,Nikolaevsk,Nikolai,Nikolski,Ninilchik,Noatak,Nome,Nondalton,Noorvik,North Pole,Northway,Nuiqsut,Nulato,Nunapitchuk,Nunam Iqua,Old Harbor,Oscarville,Ouzinkie,Palmer,Paxson,Pedro Bay,Pelican,Perryville,Petersburg,Pilot Point,Pilot Station,Pitkas Point,Platinum,Point Baker,Point Hope,Point Hope,Point Lay,Port Alexander,Port Alsworth,Port Graham,Port Heiden,Port Lions,Port Protection,Quinhagak,Rampart,Ruby,Russian Mission,St. George,St. Mary's,St. Michael,St. Paul,Salcha,Sand Point,Savoonga,Saxman,Scammon Bay,Selawik,Seldovia,Seward,Shageluk,Shaktoolik,Shishmaref,Shungnak,Sitka,Skagway,Skwentna,Slana,Sleetmute,Soldotna,South Naknek,Stebbins,Sterling,Stevens Village,Stony River,Sutton,Takotna,Talkeetna,Tanacross,Tanana,Tatitlek,Tazlina,Teller,Tenakee Springs,Tetlin,Thorne Bay,Togiak,Tok,Toksook Bay,Tonsina,Trapper Creek,Tuluksak,Tuntutuliak,Tununak,Twin Hills,Tyonek,Ugashik,Unalakleet,Unalaska,Upper Kalskag,Valdez,Venetie,Wainwright,Wainwright,Wales,Ward Cove,Wasilla,Whale Pass,White Mountain,Whittier,Willow,Wiseman,Wrangell,Yakutat
,Elevation,200,0,0,0,100,0,500,100,400,100,2200,2200,200,100,1000,500,100,100,200,2100,0,0,100,100,0,0,400,0,600,200,400,100,0,0,2200,900,500,0,1100,200,0,1100,1900,0,100,0,1900,500,200,400,800,300,100,600,300,0,500,1000,0,0,100,0,1100,2000,0,1100,1500,100,0,900,300,0,0,100,900,0,0,100,900,600,1900,400,0,400,1700,100,0,0,1400,0,0,100,1400,0,100,1400,0,400,300,200,0,100,200,300,200,0,100,100,100,100,0,0,100,0,0,100,700,100,0,200,100,1300,500,100,0,0,0,0,0,200,100,100,100,200,0,0,0,0,100,0,0,0,100,600,0,300,0,0,1400,300,0,2300,0,700,400,500,200,0,0,0,100,0,400,300,100,0,0,100,700,400,0,200,100,0,300,0,500,1700,0,200,0,0,0,0,0,200,2600,100,200,0,0,0,100,200,0,100,0,0,0,0,300,100,100,100,100,0,300,300,200,0,200,0,0,600,100,0,100,0,0,0,0,100,0,0,200,100,0,200,2200,200,100,100,0,300,300,200,500,700,400,1500,200,100,1100,0,100,1600,0,0,1600,100,1500,400,0,0,0,0,100,0,0,0,100,0,600,0,0,0,200,300,200,100,0,200,1300,0,100
,Latitude,51.84889506,56.9445229,60.91001397,60.91197277,54.13494454,62.687286,66.56185774,59.27574543,66.5613897,67.08702763,68.14467922,68.14467922,59.76541394,61.15195754,61.101397,64.34056797,57.49664709,61.5779035,62.65147474,68.12286999,52.21558644,60.85950299,70.47873563,70.47873563,58.38300285,71.29736015,66.36458903,60.79446669,66.91482829,61.54496091,66.26164012,60.9675797,65.33424619,65.97576276,63.39878725,65.51122403,66.65166998,60.15373716,64.80368921,60.06968983,61.52813242,61.78310628,64.06816722,56.294217,56.25114515,57.61535525,62.58163031,61.52714598,61.57652821,61.38834438,65.78057186,60.21517994,58.83422328,64.28772722,56.00450677,55.20721812,60.48936737,61.98227951,60.54274192,55.47607121,61.8689233,66.082561,64.05553685,63.63451971,59.04615525,65.75349801,63.64338589,58.27521518,53.8905253,64.78451075,61.32083577,60.21549338,58.21299153,59.35778484,58.19247643,64.61709377,62.77957673,59.35546608,64.85330823,66.91988305,60.56468464,64.83876854,54.85295957,66.56494476,62.30825425,64.74309,63.77092332,60.94190908,62.10936162,64.54623019,59.11932707,62.90970737,62.26935078,58.42194063,59.2358259,63.90118689,55.4835847,62.20332606,59.6522948,58.10911345,61.52721224,60.90622992,61.60347165,66.04207541,65.70224121,55.20735325,55.91902454,59.3263662,59.75779312,60.99089691,58.35702196,58.35702196,56.9754554,70.12300758,70.12300758,64.32466058,57.55500281,55.54389107,60.87804274,60.3330939,60.55982344,61.72050616,55.35223248,66.97197539,55.05412145,58.69837683,59.93563042,67.72718612,55.55478555,59.39937964,66.91524067,57.79718302,59.43902533,59.7271196,59.95830512,63.03325318,66.89838681,64.93169398,64.88211914,60.80847392,59.87122902,57.53418897,59.11100034,61.35137486,61.5133628,64.99540875,58.9682199,61.87782963,61.42706552,62.94696762,60.3856895,62.93643651,55.12386942,63.8955236,65.15057228,60.50188018,62.09089596,58.74232,60.69208619,60.70675652,55.873003,56.00069318,64.55619455,59.45116453,59.72745121,60.93775082,60.47760893,60.69948795,59.80566868,63.01546086,52.94070312,60.05394889,67.57231984,64.502366,59.96484515,66.83279153,64.74927311,62.964534,70.21860174,64.73174489,60.89635145,62.53112429,57.20599036,60.72114382,57.92110705,61.60250474,63.02329022,59.78317671,57.95999993,55.91380066,56.80508478,57.55845265,61.93867063,62.03778251,59.00743455,56.34859451,68.34788168,68.34788168,69.74559881,56.25006676,60.20241337,59.34947923,56.93153305,57.86668801,56.32215971,59.75037046,65.51008847,64.73417397,61.78527433,56.60187622,62.05239412,63.48071584,57.12985455,64.54691927,55.34236338,63.69432944,55.32102918,61.84183799,66.59877034,59.43917846,60.11136168,62.65225944,64.33657074,66.25675259,66.8857366,57.06305927,59.4616656,61.95912393,62.70398405,61.69408062,60.48940824,58.71243594,63.52183527,60.51999294,66.00801945,61.78877946,61.71083712,62.98391773,62.2899206,63.36257441,65.1726481,60.87384638,62.06222838,65.25410494,57.78080812,63.13712418,55.673432,59.06002659,63.3342024,60.53379304,61.66073784,62.31550173,61.09873747,60.34220716,60.58372449,59.07304278,61.07648355,57.50455858,63.87894916,53.87313185,61.54224479,61.12578823,67.01568896,70.64490753,70.64490753,65.6099851,55.41157511,61.583169,56.11506391,64.68046978,60.7732124,61.75025966,67.411401,56.4208251,59.54671839
,Longitude,-176.635428,-154.171523,-161.4241715,-161.2224647,-165.7724497,-164.665788,-152.7090433,-158.6219922,-152.6494468,-157.8589215,-151.7352832,-151.7352832,-151.7852692,-149.8641112,-149.7444371,-149.19022,-134.5789051,-159.5467466,-160.1949358,-145.536973,-174.2051636,-162.2759852,-157.4172486,-157.4172486,-134.6614527,-156.7518432,-147.3949164,-161.8039509,-151.5182659,-149.8551646,-145.8179545,-149.4352828,-166.4872196,-161.1276839,-148.8861681,-144.6900184,-143.7274849,-164.258678,-148.0092965,-148.0091954,-165.5859674,-148.5351867,-141.911487,-158.394802,-158.7486881,-152.2174632,-144.6540223,-144.4018804,-159.2411859,-149.4841455,-144.1204975,-151.4125103,-158.5500186,-149.16963,-132.8131777,-162.7174511,-149.7965219,-145.329804,-145.7386159,-133.1381628,-158.129492,-162.7414243,-145.7285698,-148.7900317,-158.5276727,-168.924917,-144.0435226,-134.394225,-166.5361773,-141.2008621,-149.5699609,-162.0214433,-157.3598434,-157.4709054,-136.3310066,-162.2547974,-164.5452277,-151.9198469,-147.9796076,-151.4965535,-145.7019022,-147.7145617,-163.4185147,-145.2464276,-145.2558915,-156.865711,-171.712409,-149.1685567,-145.5625226,-163.0307195,-161.5831497,-160.0710018,-145.3799531,-135.7396836,-135.4503526,-149.0478584,-132.6699036,-159.7798474,-151.5299946,-135.4331932,-166.1047956,-149.6232724,-149.7631412,-154.2515351,-156.3865488,-132.8245814,-130.0287978,-155.8973949,-154.848095,-149.5042114,-134.5343361,-134.5343361,-133.9390352,-143.6093012,-143.6093012,-158.7291697,-154.4328011,-132.4119531,-162.5197445,-151.2437255,-151.2319613,-144.9123052,-131.6683239,-160.4327289,-162.3061504,-156.6886911,-164.0364943,-164.5376967,-133.0876398,-135.8945249,-156.8843768,-152.3913209,-154.7680885,-157.2877321,-162.8885827,-163.5502849,-162.5849362,-161.1565057,-157.7078442,-161.4302511,-163.1741442,-153.9877293,-156.8618725,-155.4385794,-160.3634935,-150.6334866,-159.0214512,-162.0855078,-142.9290527,-155.5792682,-166.2096824,-143.7171412,-131.57762,-152.2895929,-149.3551022,-149.4244022,-163.7223373,-156.953915,-161.9756928,-161.7577832,-133.2066,-161.2042375,-149.0869386,-157.3190621,-154.8908011,-164.6329806,-164.7198529,-151.2860452,-151.6254323,-154.3786647,-168.8636165,-151.5810625,-162.9704599,-165.397554,-154.8551652,-161.0431239,-147.3489628,-141.8681658,-151.004672,-158.1118964,-162.4603828,-164.8493527,-153.3006899,-161.7728955,-152.502488,-149.1188963,-145.5138332,-154.1158331,-136.2269885,-159.1575891,-132.9572066,-157.5714252,-162.8827127,-163.2783585,-161.81202,-133.6166429,-166.7698755,-166.7698755,-163.012135,-134.6506736,-154.3201559,-151.8327411,-158.6215839,-152.8798556,-133.606083,-161.8985031,-150.152474,-155.4846953,-161.3316784,-169.6031203,-163.1793499,-162.0474676,-170.2757251,-147.0064152,-160.4910654,-170.4858559,-131.5986916,-165.5802567,-160.0104313,-151.7122248,-149.4357188,-159.5255588,-161.1633922,-166.0661594,-157.1487454,-135.3373924,-135.310269,-151.1636934,-143.8925103,-157.1677681,-151.0821313,-157.0072044,-162.2765647,-150.8471972,-149.0932443,-156.589207,-148.8963698,-156.0922977,-150.0863411,-143.3965122,-152.0671017,-146.6838035,-145.4226868,-166.3362696,-135.2184631,-142.5263944,-132.525063,-160.3913248,-143.0416746,-165.1124537,-145.1816769,-150.287153,-160.9592998,-162.6700504,-165.2583348,-160.2830638,-151.1507079,-157.3953701,-160.7910834,-166.5253152,-160.3201305,-146.2856636,-146.4110856,-160.0177757,-160.0177757,-168.0900165,-131.724342,-149.454846,-133.1548106,-163.4017057,-148.6827056,-150.0254831,-150.121585,-132.3526231,-139.7280553
,Station_Name,DUTCH HARBOR AK US,KODIAK AIRPORT AK US,BETHEL AIRPORT AK US,BETHEL AIRPORT AK US,DUTCH HARBOR AK US,NOME MUNICIPAL AIRPORT AK US,BETTLES AIRPORT AK US,KING SALMON AIRPORT AK US,BETTLES AIRPORT AK US,BETTLES AIRPORT AK US,BETTLES AIRPORT AK US,BETTLES AIRPORT AK US,HOMER 8 NW AK US,ANCHORAGE TED STEVENS INTERNATIONAL AIRPORT AK US,GLEN ALPS AK US,FAIRBANKS INTERNATIONAL AIRPORT AK US,SITKA AIRPORT AK US,BETHEL AIRPORT AK US,BETHEL AIRPORT AK US,BETTLES AIRPORT AK US,DUTCH HARBOR AK US,BETHEL AIRPORT AK US,KUPARUK AK US,KUPARUK AK US,AUKE BAY AK US,BARROW W POST W ROGERS AIRPORT AK US,NORTH POLE AK US,BETHEL AIRPORT AK US,BETTLES AIRPORT AK US,WHITES CROSSING AK US,NORTH POLE AK US,ALYESKA AK US,NOME MUNICIPAL AIRPORT AK US,KOTZEBUE RALPH WEIN MEMORIAL AIRPORT AK ,BIG DELTA AIRPORT AK US,NORTH POLE AK US,EAGLE AIRPORT AK US,BETHEL AIRPORT AK US,COLLEGE 5 NW AK US,MAIN BAY AK US,BETHEL AIRPORT AK US,SUTTON 1 W AK US,NORTHWAY AIRPORT AK US,COLD BAY AIRPORT AK US,COLD BAY AIRPORT AK US,KODIAK AIRPORT AK US,GULKANA AIRPORT AK US,GULKANA AIRPORT AK US,BETHEL AIRPORT AK US,MATANUSKA AGRICULTURAL EXPERIMENT STATION AK US,EAGLE AIRPORT AK US,KENAI MUNICIPAL AIRPORT AK US,ILIAMNA AIRPORT AK US,FAIRBANKS INTERNATIONAL AIRPORT AK US,WRANGELL AIRPORT AK US,COLD BAY AIRPORT AK US,COOPER LANDING 5 W AK US,GULKANA AIRPORT AK US,CORDOVA M K SMITH AIRPORT AK US,ANNETTE WEATHER SERVICE OFFICE AIRPORT AK US,MCGRATH AIRPORT AK US,KOTZEBUE RALPH WEIN MEMORIAL AIRPORT AK ,BIG DELTA AIRPORT AK US,COLLEGE OBSERVATORY AK US,KING SALMON AIRPORT AK US,KOTZEBUE RALPH WEIN MEMORIAL AIRPORT AK ,BIG DELTA AIRPORT AK US,JUNEAU INTERNATIONAL AIRPORT AK US,DUTCH HARBOR AK US,EAGLE AIRPORT AK US,MATANUSKA AGRICULTURAL EXPERIMENT STATION AK US,BETHEL AIRPORT AK US,KING SALMON AIRPORT AK US,KING SALMON AIRPORT AK US,YAKUTAT AIRPORT AK US,NOME MUNICIPAL AIRPORT AK US,NOME MUNICIPAL AIRPORT AK US,HOMER AIRPORT AK US,COLLEGE OBSERVATORY AK US,BETTLES AIRPORT AK US,CORDOVA M K SMITH AIRPORT AK US,FAIRBANKS INTERNATIONAL AIRPORT AK US,COLD BAY AIRPORT AK US,NORTH POLE AK US,GULKANA AIRPORT AK US,TANANA CALHOUN MEMORIAL AIRPORT AK US,NOME MUNICIPAL AIRPORT AK US,ALYESKA AK US,GULKANA AIRPORT AK US,NOME MUNICIPAL AIRPORT AK US,KING SALMON AIRPORT AK US,BETHEL AIRPORT AK US,GULKANA AIRPORT AK US,AUKE BAY AK US,JUNEAU INTERNATIONAL AIRPORT AK US,COLLEGE OBSERVATORY AK US,WRANGELL AIRPORT AK US,BETHEL AIRPORT AK US,HOMER 8 NW AK US,AUKE BAY AK US,NOME MUNICIPAL AIRPORT AK US,COOPER LANDING 5 W AK US,WHITES CROSSING AK US,TANANA CALHOUN MEMORIAL AIRPORT AK US,TANANA CALHOUN MEMORIAL AIRPORT AK US,SITKA AIRPORT AK US,JUNEAU INTERNATIONAL AIRPORT AK US,ILIAMNA AIRPORT AK US,ILIAMNA AIRPORT AK US,ALYESKA AK US,AUKE BAY AK US,AUKE BAY AK US,LITTLE PORT WALTER AK US,BARROW W POST W ROGERS AIRPORT AK US,BARROW W POST W ROGERS AIRPORT AK US,MCGRATH AIRPORT AK US,KITOI BAY AK US,WRANGELL AIRPORT AK US,BETHEL AIRPORT AK US,KENAI MUNICIPAL AIRPORT AK US,KENAI MUNICIPAL AIRPORT AK US,GULKANA AIRPORT AK US,WRANGELL AIRPORT AK US,KOTZEBUE RALPH WEIN MEMORIAL AIRPORT AK ,COLD BAY AIRPORT AK US,KING SALMON AIRPORT AK US,KING SALMON AIRPORT AK US,KOTZEBUE RALPH WEIN MEMORIAL AIRPORT AK ,WRANGELL AIRPORT AK US,JUNEAU INTERNATIONAL AIRPORT AK US,BETTLES AIRPORT AK US,KODIAK AIRPORT AK US,ILIAMNA AIRPORT AK US,KING SALMON AIRPORT AK US,KING SALMON AIRPORT AK US,NOME MUNICIPAL AIRPORT AK US,KOTZEBUE RALPH WEIN MEMORIAL AIRPORT AK ,NOME MUNICIPAL AIRPORT AK US,MCGRATH AIRPORT AK US,BETHEL AIRPORT AK US,KING SALMON AIRPORT AK US,KODIAK AIRPORT AK US,KING SALMON AIRPORT AK US,MCGRATH AIRPORT AK US,BETHEL AIRPORT AK US,TANANA CALHOUN MEMORIAL AIRPORT AK US,KING SALMON AIRPORT AK US,BETHEL AIRPORT AK US,GULKANA AIRPORT AK US,MCGRATH AIRPORT AK US,BETHEL AIRPORT AK US,NABESNA AK US,ANNETTE WEATHER SERVICE OFFICE AIRPORT AK US,UNIVERSITY EXPERIMENT STATION AK US,FAIRBANKS INTERNATIONAL AIRPORT AK US,COOPER LANDING 5 W AK US,BETHEL AIRPORT AK US,KING SALMON AIRPORT AK US,BETHEL AIRPORT AK US,BETHEL AIRPORT AK US,LITTLE PORT WALTER AK US,COLD BAY AIRPORT AK US,FAIRBANKS INTERNATIONAL AIRPORT AK US,KING SALMON AIRPORT AK US,ILIAMNA AIRPORT AK US,BETHEL AIRPORT AK US,BETHEL AIRPORT AK US,KENAI MUNICIPAL AIRPORT AK US,HOMER 8 NW AK US,MCGRATH AIRPORT AK US,DUTCH HARBOR AK US,KENAI MUNICIPAL AIRPORT AK US,KOTZEBUE RALPH WEIN MEMORIAL AIRPORT AK ,NOME MUNICIPAL AIRPORT AK US,ILIAMNA AIRPORT AK US,KOTZEBUE RALPH WEIN MEMORIAL AIRPORT AK ,NORTH POLE AK US,NORTHWAY AIRPORT AK US,KUPARUK AK US,MCGRATH AIRPORT AK US,BETHEL AIRPORT AK US,NOME MUNICIPAL AIRPORT AK US,KODIAK AIRPORT AK US,BETHEL AIRPORT AK US,KODIAK AIRPORT AK US,MATANUSKA AGRICULTURAL EXPERIMENT STATION AK US,GULKANA AIRPORT AK US,ILIAMNA AIRPORT AK US,AUKE BAY AK US,KITOI BAY AK US,WRANGELL AIRPORT AK US,KING SALMON AIRPORT AK US,BETHEL AIRPORT AK US,BETHEL AIRPORT AK US,KING SALMON AIRPORT AK US,LITTLE PORT WALTER AK US,KOTZEBUE RALPH WEIN MEMORIAL AIRPORT AK ,KOTZEBUE RALPH WEIN MEMORIAL AIRPORT AK ,BARROW W POST W ROGERS AIRPORT AK US,LITTLE PORT WALTER AK US,PORT ALSWORTH AK US,HOMER AIRPORT AK US,COLD BAY AIRPORT AK US,KITOI BAY AK US,LITTLE PORT WALTER AK US,KING SALMON AIRPORT AK US,TANANA CALHOUN MEMORIAL AIRPORT AK US,TANANA CALHOUN MEMORIAL AIRPORT AK US,BETHEL AIRPORT AK US,ST PAUL ISLAND AIRPORT AK US,BETHEL AIRPORT AK US,NOME MUNICIPAL AIRPORT AK US,ST PAUL ISLAND AIRPORT AK US,EIELSON FIELD AK US,COLD BAY AIRPORT AK US,NOME MUNICIPAL AIRPORT AK US,ANNETTE WEATHER SERVICE OFFICE AIRPORT AK US,NOME MUNICIPAL AIRPORT AK US,KOTZEBUE RALPH WEIN MEMORIAL AIRPORT AK ,HOMER AIRPORT AK US,SEWARD AIRPORT AK US,BETHEL AIRPORT AK US,NOME MUNICIPAL AIRPORT AK US,KOTZEBUE RALPH WEIN MEMORIAL AIRPORT AK ,BETTLES AIRPORT AK US,SITKA AIRPORT AK US,JUNEAU INTERNATIONAL AIRPORT AK US,WHITES CROSSING AK US,GULKANA AIRPORT AK US,MCGRATH AIRPORT AK US,KENAI MUNICIPAL AIRPORT AK US,KING SALMON AIRPORT AK US,NOME MUNICIPAL AIRPORT AK US,KENAI MUNICIPAL AIRPORT AK US,BETTLES AIRPORT AK US,MCGRATH AIRPORT AK US,SUTTON 1 W AK US,MCGRATH AIRPORT AK US,TALKEETNA AIRPORT AK US,TOK AK US,TANANA CALHOUN MEMORIAL AIRPORT AK US,CANNERY CREEK AK US,GULKANA AIRPORT AK US,NOME MUNICIPAL AIRPORT AK US,JUNEAU INTERNATIONAL AIRPORT AK US,NORTHWAY AIRPORT AK US,WRANGELL AIRPORT AK US,KING SALMON AIRPORT AK US,TOK AK US,BETHEL AIRPORT AK US,GULKANA AIRPORT AK US,TALKEETNA AIRPORT AK US,BETHEL AIRPORT AK US,BETHEL AIRPORT AK US,BETHEL AIRPORT AK US,KING SALMON AIRPORT AK US,BIG RIVER LAKES AK US,KING SALMON AIRPORT AK US,NOME MUNICIPAL AIRPORT AK US,DUTCH HARBOR AK US,BETHEL AIRPORT AK US,VALDEZ WEATHER SERVICE OFFICE AK US,BETTLES AIRPORT AK US,BARROW W POST W ROGERS AIRPORT AK US,BARROW W POST W ROGERS AIRPORT AK US,KOTZEBUE RALPH WEIN MEMORIAL AIRPORT AK ,ANNETTE WEATHER SERVICE OFFICE AIRPORT AK US,MATANUSKA AGRICULTURAL EXPERIMENT STATION AK US,WRANGELL AIRPORT AK US,NOME MUNICIPAL AIRPORT AK US,CANNERY CREEK AK US,WHITES CROSSING AK US,BETTLES AIRPORT AK US,WRANGELL AIRPORT AK US,YAKUTAT AIRPORT AK US
,Station_Code,GHCND:USC00502587,GHCND:USW00025501,GHCND:USW00026615,GHCND:USW00026615,GHCND:USC00502587,GHCND:USW00026617,GHCND:USW00026533,GHCND:USW00025503,GHCND:USW00026533,GHCND:USW00026533,GHCND:USW00026533,GHCND:USW00026533,GHCND:USC00503672,GHCND:USW00026451,GHCND:USC00503299,GHCND:USW00026411,GHCND:USW00025333,GHCND:USW00026615,GHCND:USW00026615,GHCND:USW00026533,GHCND:USC00502587,GHCND:USW00026615,GHCND:USC00505136,GHCND:USC00505136,GHCND:USC00500464,GHCND:USW00027502,GHCND:USC00506581,GHCND:USW00026615,GHCND:USW00026533,GHCND:USC00509790,GHCND:USC00506581,GHCND:USC00500243,GHCND:USW00026617,GHCND:USW00026616,GHCND:USW00026415,GHCND:USC00506581,GHCND:USW00026422,GHCND:USW00026615,GHCND:USC00502112,GHCND:USC00505604,GHCND:USW00026615,GHCND:USC00508915,GHCND:USW00026412,GHCND:USW00025624,GHCND:USW00025624,GHCND:USW00025501,GHCND:USW00026425,GHCND:USW00026425,GHCND:USW00026615,GHCND:USC00505733,GHCND:USW00026422,GHCND:USW00026523,GHCND:USW00025506,GHCND:USW00026411,GHCND:USC00509919,GHCND:USW00025624,GHCND:USC00502149,GHCND:USW00026425,GHCND:USW00026410,GHCND:USW00025308,GHCND:USW00026510,GHCND:USW00026616,GHCND:USW00026415,GHCND:USC00502107,GHCND:USW00025503,GHCND:USW00026616,GHCND:USW00026415,GHCND:USW00025309,GHCND:USC00502587,GHCND:USW00026422,GHCND:USC00505733,GHCND:USW00026615,GHCND:USW00025503,GHCND:USW00025503,GHCND:USW00025339,GHCND:USW00026617,GHCND:USW00026617,GHCND:USW00025507,GHCND:USC00502107,GHCND:USW00026533,GHCND:USW00026410,GHCND:USW00026411,GHCND:USW00025624,GHCND:USC00506581,GHCND:USW00026425,GHCND:USW00026529,GHCND:USW00026617,GHCND:USC00500243,GHCND:USW00026425,GHCND:USW00026617,GHCND:USW00025503,GHCND:USW00026615,GHCND:USW00026425,GHCND:USC00500464,GHCND:USW00025309,GHCND:USC00502107,GHCND:USC00509919,GHCND:USW00026615,GHCND:USC00503672,GHCND:USC00500464,GHCND:USW00026617,GHCND:USC00502149,GHCND:USC00509790,GHCND:USW00026529,GHCND:USW00026529,GHCND:USW00025333,GHCND:USW00025309,GHCND:USW00025506,GHCND:USW00025506,GHCND:USC00500243,GHCND:USC00500464,GHCND:USC00500464,GHCND:USC00505519,GHCND:USW00027502,GHCND:USW00027502,GHCND:USW00026510,GHCND:USC00504812,GHCND:USC00509919,GHCND:USW00026615,GHCND:USW00026523,GHCND:USW00026523,GHCND:USW00026425,GHCND:USC00509919,GHCND:USW00026616,GHCND:USW00025624,GHCND:USW00025503,GHCND:USW00025503,GHCND:USW00026616,GHCND:USC00509919,GHCND:USW00025309,GHCND:USW00026533,GHCND:USW00025501,GHCND:USW00025506,GHCND:USW00025503,GHCND:USW00025503,GHCND:USW00026617,GHCND:USW00026616,GHCND:USW00026617,GHCND:USW00026510,GHCND:USW00026615,GHCND:USW00025503,GHCND:USW00025501,GHCND:USW00025503,GHCND:USW00026510,GHCND:USW00026615,GHCND:USW00026529,GHCND:USW00025503,GHCND:USW00026615,GHCND:USW00026425,GHCND:USW00026510,GHCND:USW00026615,GHCND:USC00506147,GHCND:USW00025308,GHCND:USC00509641,GHCND:USW00026411,GHCND:USC00502149,GHCND:USW00026615,GHCND:USW00025503,GHCND:USW00026615,GHCND:USW00026615,GHCND:USC00505519,GHCND:USW00025624,GHCND:USW00026411,GHCND:USW00025503,GHCND:USW00025506,GHCND:USW00026615,GHCND:USW00026615,GHCND:USW00026523,GHCND:USC00503672,GHCND:USW00026510,GHCND:USC00502587,GHCND:USW00026523,GHCND:USW00026616,GHCND:USW00026617,GHCND:USW00025506,GHCND:USW00026616,GHCND:USC00506581,GHCND:USW00026412,GHCND:USC00505136,GHCND:USW00026510,GHCND:USW00026615,GHCND:USW00026617,GHCND:USW00025501,GHCND:USW00026615,GHCND:USW00025501,GHCND:USC00505733,GHCND:USW00026425,GHCND:USW00025506,GHCND:USC00500464,GHCND:USC00504812,GHCND:USC00509919,GHCND:USW00025503,GHCND:USW00026615,GHCND:USW00026615,GHCND:USW00025503,GHCND:USC00505519,GHCND:USW00026616,GHCND:USW00026616,GHCND:USW00027502,GHCND:USC00505519,GHCND:USC00507570,GHCND:USW00025507,GHCND:USW00025624,GHCND:USC00504812,GHCND:USC00505519,GHCND:USW00025503,GHCND:USW00026529,GHCND:USW00026529,GHCND:USW00026615,GHCND:USW00025713,GHCND:USW00026615,GHCND:USW00026617,GHCND:USW00025713,GHCND:USC00502707,GHCND:USW00025624,GHCND:USW00026617,GHCND:USW00025308,GHCND:USW00026617,GHCND:USW00026616,GHCND:USW00025507,GHCND:USW00026438,GHCND:USW00026615,GHCND:USW00026617,GHCND:USW00026616,GHCND:USW00026533,GHCND:USW00025333,GHCND:USW00025309,GHCND:USC00509790,GHCND:USW00026425,GHCND:USW00026510,GHCND:USW00026523,GHCND:USW00025503,GHCND:USW00026617,GHCND:USW00026523,GHCND:USW00026533,GHCND:USW00026510,GHCND:USC00508915,GHCND:USW00026510,GHCND:USW00026528,GHCND:USC00509313,GHCND:USW00026529,GHCND:USC00501240,GHCND:USW00026425,GHCND:USW00026617,GHCND:USW00025309,GHCND:USW00026412,GHCND:USC00509919,GHCND:USW00025503,GHCND:USC00509313,GHCND:USW00026615,GHCND:USW00026425,GHCND:USW00026528,GHCND:USW00026615,GHCND:USW00026615,GHCND:USW00026615,GHCND:USW00025503,GHCND:USC00500788,GHCND:USW00025503,GHCND:USW00026617,GHCND:USC00502587,GHCND:USW00026615,GHCND:USW00026442,GHCND:USW00026533,GHCND:USW00027502,GHCND:USW00027502,GHCND:USW00026616,GHCND:USW00025308,GHCND:USC00505733,GHCND:USC00509919,GHCND:USW00026617,GHCND:USC00501240,GHCND:USC00509790,GHCND:USW00026533,GHCND:USC00509919,GHCND:USW00025339
,Miles_Away,446.5,84.2,16.2,22.3,35,128.8,41.1,81.2,39.8,173.3,84.8,84.8,8.3,5.6,1.7,50.6,42.8,93.9,140.3,179.7,340.8,15.9,185.4,185.4,0.6,1.2,111.2,1.1,0.3,12.2,112.8,10.9,64.8,74.9,105.6,92.9,149.2,93.6,9.2,31.3,135.5,13.1,76.8,184.7,171,13.7,39,55.9,102.3,14.5,110.8,26,143.5,52.6,37.4,1.1,5.8,13,10.4,68.6,110.6,55.6,4.2,89.6,71.5,193.3,56.7,8.4,0.7,1.6,20,40.1,41.4,55.1,150.5,95.1,123.3,25.1,3.9,0.4,9.9,5.3,37.3,138.5,12.2,142.9,196.3,2.2,4.9,71.9,178.4,158.4,8,39.7,68.8,75.6,70.3,119.5,6.4,34.3,208.3,31.4,10.5,86,128.8,160.9,239.9,45.7,2.1,13.4,4.4,4.4,48.8,317.8,317.8,134.9,87.7,65.2,24.1,17.1,1.4,35.3,83,59.4,20.5,1.6,274.3,78.1,70.1,86.6,146.8,4.7,22.4,75.9,236.8,117.7,1,130.1,148,13.6,244.4,57.6,30.6,111.7,70.4,44.8,86.9,76.4,97,1.2,151.2,43.9,5.9,148.5,49.6,18.5,110.2,11.5,8.1,6,66.8,80.6,39.8,58.3,1.9,94.9,100.3,8.5,5,38.9,117,38.4,48.4,1.4,14.8,42.7,0.9,1.9,34.1,144.9,22.6,138.7,48.5,4.8,11.8,5.1,60,27.6,64.7,300.1,31.5,84.9,87.5,99.4,185.7,40.2,149.8,149.8,180.4,10,0.1,23.7,198.2,29.2,40.8,199.6,61.2,103.8,71.5,45.2,98.8,125.4,2.9,8.8,88.9,162.8,19.5,185.4,73.8,16.2,1.3,150.1,128.5,105.4,154.2,1.5,81.3,41.9,62.7,101,8.2,12.8,118,13.9,91.9,87.1,0.5,15.3,2.1,11,1.2,29.6,6.9,57.9,46.6,22.4,56.5,136,1.2,112.5,35.9,6.2,36.4,42,116.8,132.3,42.6,86.2,146.9,1.9,72.8,2.2,139.2,86.5,86.5,177.3,26.4,6.7,39.6,61.7,42.8,3.2,50.8,4.5,3.1
,Temp_Annual,0.4,0.2,0.1,0.1,-1.2,1.3,-1.4,-0.4,-1.9,1.2,-7,-7,-0.3,-0.5,1.9,-0.8,-0.8,-0.5,-1.7,-5.8,-0.1,0.2,-0.1,-0.1,-0.1,0,-4.8,0.2,0,1.4,-6,-0.2,-1.9,-0.1,-0.5,-4.8,-3.1,2.2,0.3,0,-1.5,-1,-1.7,0.1,0.3,0.4,0.9,3.9,-0.6,-0.4,-2.1,-0.4,0.1,-0.6,0.4,0,0.4,0.8,0.1,-0.8,3.3,-1.2,-0.3,0.1,0.1,-0.3,-1.3,-0.3,-0.1,0.1,-0.3,2.3,1.9,-0.7,-1.4,0,1.3,0.3,0.7,0,-5.4,0.1,-1,-5.5,0.3,0.1,-2.2,0.9,0,0.2,-1,-1.5,0.3,-0.1,0,1.5,0,-0.3,0.4,-0.3,1.8,0.3,1.2,0.1,-0.4,0.6,0.2,-0.1,0.1,-0.8,0.1,0.1,-0.2,0,0,-0.5,-0.2,-0.1,0.3,-0.6,-0.1,1.7,0,0.8,-0.8,0.1,-2,-1.6,0.5,-1.6,1.1,0.1,-0.3,-0.6,-2,0.9,-0.1,-0.2,-0.6,0.2,-1.8,0.1,0.1,3.4,-0.8,0.5,0.3,-1,1.6,0,0.4,2,-0.1,-0.3,-1.3,0.4,-0.9,0.7,0.3,0.2,0.2,-0.1,-0.5,-0.7,0.1,-0.2,1.7,0.4,-0.5,0.2,-1.1,0.1,-0.7,-0.1,-0.9,0.5,0,-0.1,0.3,-0.3,0.2,1.3,-0.1,0.2,-0.2,0.1,-1.4,0.3,-0.2,0.1,-0.9,2.1,-0.6,-0.4,-1.4,0,-2.3,-2.3,3.6,0.7,0,-0.2,-0.2,0.3,-0.3,-1.9,-1.4,0.7,-1.2,1,-0.4,0.8,0,0.1,1.8,-1.9,-0.4,1.4,-0.3,0.1,-0.1,-1,0.5,-0.9,1.5,-0.9,-0.3,0.5,0,2.9,-0.7,1.1,0.4,-0.7,0.4,3.5,0.1,1,0,-0.3,0,0.4,0.3,-1.6,0.1,0,0,-1.1,-0.1,0.8,0.5,0.4,-0.1,1.9,0.2,-1,-0.3,2.3,1.2,-0.2,-0.8,-0.4,-0.2,1.7,1.7,-0.2,-1,0.3,-0.7,0.1,-0.1,0,0.1,-0.3,-0.1
1,Temp_1,2.8,0.3,0.1,0.2,-1.9,-0.2,-3.2,-1.1,-4.1,5.1,2.3,2.3,-0.2,-0.7,-1.6,0.6,-2.4,-4,-4.6,-9.2,3.8,0.1,-0.1,-0.1,0,0.1,-6,0.1,0,2.3,-9.4,-0.9,-2.4,-1.7,6.1,-5.4,-7.4,8.1,0.7,0.2,1.6,-0.7,0.9,-1.9,-3.1,0.3,0.6,4.4,-3.8,0,-3.7,0.8,2.4,1.1,0.9,-0.1,0.8,-0.6,0.1,-0.7,9.9,-2.8,-0.7,9.9,2.3,2.9,-3,-0.4,-0.9,-0.1,0.2,6.9,5.7,-1.3,-1.2,-1.9,-0.2,1.2,2.9,0,-6.2,-0.1,-3.3,-10.1,0.6,0.6,-0.4,1.5,-0.4,-0.6,1.6,-5.2,-0.3,1.2,-1.9,6.9,0.1,-3.2,0.6,0.7,2.6,0.3,2.5,0.9,0.6,0.4,-1.6,-0.4,0.1,-1.7,0.1,0.1,-1.6,-0.5,-0.5,5.4,-0.8,0.2,0.6,-0.3,-0.3,3,0.3,-3.6,-1.4,0.1,0.5,-0.4,1.7,-6.5,5.5,0.2,-0.1,-1.5,0.2,-0.3,-0.1,-2.2,1,0.1,0.7,-0.5,1,11.1,-2.5,-0.8,2.2,-2,2.3,0,5.6,2.8,0.2,2.4,-0.4,1.5,-0.2,2.4,0.5,0,-0.1,-2.4,0.9,-1.6,0,3.3,7.1,0.9,-0.4,0.9,-0.1,3.6,-3.8,-0.1,-1,-1.5,0.1,-0.1,0.8,1.2,0.3,0.3,-0.6,0.1,0.1,1.2,3.3,0.5,2.3,0.1,-1.5,5.8,-1.6,-1.5,0.8,-0.1,0.2,0.2,4.1,0.8,0,0.4,-2.1,-0.6,-0.4,0.4,-3.9,1.4,-2.3,1.2,-1.5,-1,-0.1,1.5,2,-1.6,-1,1.8,-3.8,0.6,-0.2,-4.9,-1.5,-1,4.2,-1.2,-3.6,-0.4,2,7,-2.1,3.7,-1,-2.5,-2.3,8.4,-0.3,3.7,0.8,-0.1,0.1,1.9,-1.1,-2.3,1.2,1.1,0.2,1.8,-0.1,5.7,2.3,1.5,-0.8,6,4.8,2,0.5,6.5,-0.8,-0.5,-2.7,-1.7,-3.8,1.2,1.2,2.7,-1.9,2.1,-0.8,-2.3,-1.4,-0.6,2.4,-0.6,0.1
2,Temp_2,3.1,-0.1,-0.1,0,-1.8,1,-2.8,-1.6,-4,3.2,-5.3,-5.3,-1.9,-0.7,-0.6,-0.9,-2.1,-1,-4.1,-7.2,1.4,0,1.4,1.4,0,0,-10.1,0,0,1.8,-12,-0.4,-4.1,-0.6,2.5,-7.8,-7.3,6.2,1.1,1.1,-0.2,-0.3,-1.5,-0.6,-1.4,-0.1,0.5,7.2,-0.9,-0.2,-4.7,0.4,1,-0.2,0.5,0.1,0.6,0.4,-0.1,-1.1,6.3,0.7,-0.7,6.7,0.2,1.4,-1.7,-0.6,-0.5,-0.2,-0.1,5.9,4.9,-2,-1.6,-0.8,1.1,1.3,1.9,0,-6.2,0.1,-2,-11.6,0.2,1.3,-4.4,1,-0.1,-0.4,0,-3.6,-0.2,0.9,-1.2,5.4,0.2,-1.3,0.6,0.5,2.9,0.9,1.7,-0.1,2.2,0.6,0,0,0,-0.8,0,0,-1.6,-1.1,-1.1,1,-0.2,0,0.5,-0.5,-0.2,3.9,0.3,-1.5,-1.5,0.1,-2,-0.7,1.4,-4.9,3.6,-0.5,-0.1,-1.7,-2,0.7,-0.1,-2.6,-1,0,-1.6,-0.2,0.3,9.2,-1.6,1,0.7,-1.6,3.6,0,3.3,1,-0.1,0.1,-1.7,1.1,-0.9,1.9,0.3,0,-1.2,-1.7,-0.7,-2.2,-0.1,1.6,5.3,0.6,-0.7,0.5,0,1.2,-0.2,-0.1,-0.7,-0.6,0.2,-0.3,0.3,0.4,0.2,1,-0.3,0,-0.1,0.9,0,0.1,1.8,-0.7,-1.1,5.5,-1,-0.5,-0.9,-0.1,-1.5,-1.5,1.3,0.6,0,0.7,-2.5,-0.1,-0.6,-1.6,-2.5,2.5,-1.8,1.2,-0.7,0.2,0.2,0.8,2.7,-4.2,-0.9,2.2,-0.5,0.5,-0.1,-2.9,-0.3,-0.6,5.2,-1.1,-2.5,0.4,0.8,6.8,-1,3,-0.1,-0.6,-1.6,8,-0.1,2.1,0.2,-0.6,0.1,1.6,-0.5,-3.9,1,0.8,0,0.3,-0.1,3.5,2.3,1.1,-0.2,5,2.8,0.6,-0.7,5.2,0.8,-0.8,-1.4,-1,-2.6,-0.3,-0.3,0.1,-1.7,1.1,-0.9,-1.1,-0.6,-0.5,2,-0.5,0
3,Temp_3,0.5,-0.1,-0.2,-0.1,-2.2,2.7,-1.3,-1,-2.1,1.4,-10,-10,-0.9,-0.6,1,-2.9,-1.1,0.4,-1.8,-6,1.1,-0.1,0.1,0.1,-0.1,0,-8.8,0,-0.1,1.4,-10.9,-0.3,-3.7,-0.8,-0.9,-8.7,-6,4.1,0.4,0,-2.5,-0.6,-1.6,1.1,-0.1,-0.2,1.8,5.4,0.5,-0.9,-4.6,0.1,0.5,-2.5,0.1,0,0.3,1.4,0.2,-0.7,5.1,-2.1,-0.6,0.6,0,3.5,-1.1,-0.2,-0.2,-0.1,-0.7,4.8,3.1,-1.3,-0.9,-0.2,2.8,0.8,0.9,0.1,-5.4,0.1,-1.4,-9.8,0.3,-1.3,-3.4,0.8,0.2,-0.1,-1,-1.9,0.5,0.2,-0.3,1.5,-0.6,0.5,0.6,-0.2,4,0,1.4,-1.5,-0.8,0.3,1.1,-0.4,0.1,-0.7,0,0,-0.3,-0.9,-0.9,-2.7,-1.5,-0.7,0.1,-0.3,-0.1,2.9,-0.8,2,-1.6,0.1,-3.8,-1.5,0.4,-2.4,-1.1,-0.4,-0.4,-1,-3.5,2,-0.1,0.4,-3.1,0,-3.4,-0.6,0.3,6.6,-0.7,1.5,0.2,-1.1,3.2,0,0.9,1.4,-0.1,-1.3,-3,0.2,-1,0.8,0.2,0.1,0.5,-0.5,-1.8,-1.3,0,-0.2,3.1,0.6,-0.7,0.5,-1.3,0.8,-0.1,0,-0.8,0.9,0,-0.2,-0.7,-2,0,2.5,-0.5,0.1,-0.4,0.3,-3.4,0.2,0.7,-1,-0.8,2.6,-0.7,0.1,-1.8,0.5,-3.8,-3.8,1.2,0.8,-0.1,0.3,-0.8,0.4,0.1,-3.4,-1.9,1.7,-1,2.1,-0.3,1.6,-0.1,-0.1,2.6,-1.9,-0.6,3.4,-0.9,0.5,0,-0.8,0.9,-1.5,-1.5,-0.9,-0.6,0.5,-0.5,6.3,-0.6,1.7,0.9,0.1,1.2,6.8,-0.1,1.8,0.1,-0.4,0.1,0.8,0.8,-3.3,0.3,0.2,-0.3,-2.3,0,1.5,1.4,0.4,-0.1,3.9,0.8,-2,-0.6,4.3,2.6,-0.4,-0.5,-0.1,0.4,-0.3,-0.3,-0.6,-1.5,0.3,-1.1,0.1,-1,-0.3,1.6,-0.6,0
4,Temp_4,1,0.5,0.2,0.2,-1.4,1.7,-1,0.1,-1.5,-3.5,-15.1,-15.1,0.1,-0.3,3.2,-2.3,-0.2,2.3,0.7,-9.5,0.9,0.1,-0.8,-0.8,0,0.1,-6.7,0.2,0,1.4,-7.3,0,-3.9,-0.1,-4.7,-7,-3.1,1.1,-0.4,-0.1,-4.5,-1.1,-3,1.5,1.4,0.1,2.1,4.2,2.2,-1.1,-5,-0.4,0,-2.1,-0.5,0.1,0.2,1.8,-0.2,-0.7,1.6,-2.6,-0.1,-4.4,0,0.2,-0.5,-0.2,0.1,0.2,-1.1,1.4,0.9,-0.6,-0.8,0.1,1.7,-0.4,-0.9,0,-5.6,0.4,-0.5,-7.8,-0.1,-2.8,-3.8,0.9,0.3,0.6,-3.3,1.8,0.5,-0.4,0.4,-1.3,-1.3,2.4,0.4,-1.1,1.5,0.6,1.2,-1.2,-4,0.5,0.6,-0.2,0.1,-0.1,0.1,0.1,0.6,0.9,0.9,-5.1,-0.4,-1.2,0.2,-0.7,0.1,1.8,-0.8,4.9,-0.6,0.1,-4.8,-1.4,-0.4,-0.2,-2.9,-0.1,-0.8,-0.9,-4.4,1.5,-0.1,0.7,-4.2,0.2,-4.3,0.3,0.1,0.8,0.9,2.1,0.1,-0.1,1.9,-0.1,-1.9,2.3,-0.1,-2.6,-2.6,-0.3,-1.6,0.4,0.2,0.3,1.3,1.1,-1.5,-0.9,0.1,-1.9,0.5,0,-0.6,0.1,-0.7,-0.5,0.9,0,-0.1,2.8,0,-0.1,-0.6,-4,0,1.8,0.9,0.3,-0.7,-0.3,-5,0.3,-0.8,0,-0.9,1.6,0.1,0.4,-4.1,1,-3.5,-3.5,2.6,1,0,-0.8,0.8,0.6,0.6,-4.8,-1,0.1,0.6,1.6,0.3,2.2,0.2,-0.3,1.7,-3.1,-0.3,2.1,-0.6,-0.3,-0.1,1.8,1.7,-2,-2.3,-0.7,0.9,0.2,-0.5,1.1,-0.1,0.4,1.5,0.1,2.9,2.7,0.2,0.8,-0.1,-0.1,0,0.2,1.1,-3.4,-0.5,0.1,-1,-2.8,0,-0.6,0.1,-0.2,0.9,1.2,-1.9,-2.7,-0.3,1.1,3.2,0,1,-0.1,1.9,1.6,1.6,-1.7,-0.8,-0.5,-1.5,1.4,0.6,0.1,-0.4,-0.6,-0.1
5,Temp_5,-1.3,-0.6,0.1,0,-0.7,1,-0.7,-0.4,-0.7,-2.8,-14,-14,0.3,-0.4,3.8,-0.7,0.4,2.9,1.3,-6.7,-2.2,0.2,0.1,0.1,0,0,-2.6,0.1,0,0.7,-3.1,0.5,-3.7,2.2,-5.6,-3.1,-0.3,-2.6,-0.1,0.3,-5,-2,-2,0.5,1.7,0.4,1.3,3.2,2.7,-0.6,0.4,-1.3,-1.5,-0.8,-0.3,0.1,0.1,1.4,0.1,-0.9,0.3,-1.2,0.1,-6.3,-0.8,-2.9,-1,0,0.1,0.3,-0.6,-1.4,-1.4,-0.6,-0.8,1.1,1.1,-0.8,-0.5,0,-5,0.2,-0.3,-2.9,0.1,-1.4,-6.7,0.8,0.2,0.9,-3.1,2.6,0.6,-1,0.9,-2.3,-0.4,2.4,-0.1,-1.2,-0.8,1.5,0.3,-0.5,-3.7,0.4,1.3,-0.5,0,0.7,0.1,0.1,0.9,1.2,1.2,-3.5,0.5,-0.5,0.1,-0.7,-0.1,0.9,-0.4,6.9,-0.6,0,-4.4,-1.4,-0.6,0.5,-2.2,-0.3,-0.6,-0.6,-4,1.2,0,0.7,-1.4,0.1,-4.2,1.1,-0.5,-1.3,1.4,0.9,-0.7,0,0.6,-0.1,-5.1,1.4,-0.4,-1.6,-1.3,-0.6,-1.5,-0.6,0.1,0.2,0.8,1.3,-0.6,-0.6,0,-3.3,-2.8,0.1,-0.2,-0.1,-2,-1.5,2.9,0,-0.9,4.2,-0.1,0,0.1,-1.8,0.1,1,-0.1,0.2,-0.7,-0.5,-3.6,0,-1.8,0,-0.7,-1.4,0.1,0.4,-3,0.8,-4.3,-4.3,3.3,0.8,-0.1,-0.9,1,1.5,0.4,-4.4,-0.6,-0.3,0.4,1.2,0.5,1.8,0,-0.4,0.8,-5.9,-0.3,-0.5,3.1,-0.4,-0.1,2.3,1.8,-2.6,-2.2,-0.7,1.5,0.2,-0.3,-0.7,0,-1.1,1.3,0.2,1.6,0.2,0.2,0.3,-0.2,0,-0.1,0.1,0.8,-3.2,-0.6,-0.5,-0.4,-3,0,-3.5,-0.5,-0.3,0.6,-1.5,-4.5,-3.1,-0.2,-0.7,2.4,0.1,1.6,0,1.8,2.6,2.6,-3.7,-0.4,-0.7,-1.2,1.6,1.2,0.2,-1.3,-0.1,0
6,Temp_6,-1.7,-0.1,0.2,0.1,0.1,2.5,-0.5,0.8,-0.2,-0.5,-8.6,-8.6,0.5,-0.2,3.7,0.1,1.3,2.2,2.5,-3.2,-2,0.2,1.7,1.7,-0.2,0,0.5,0.2,0,0.5,0.7,0.7,-1.8,3.5,-4.5,-1.7,2.8,-4.4,0.3,-0.6,-5.4,-1.4,-2.3,1.4,2.8,0.7,1,1.8,2,-0.5,2.3,-0.4,-0.8,-0.1,0.3,0,0,1.1,0.1,-1.3,-1.1,-0.2,0.1,-6.8,-0.4,-3.7,-0.7,-0.2,0.2,0.3,-0.4,-2.7,-2,0.2,-1.1,3.3,2.6,-1.1,-0.4,0,-4.6,0.1,0.2,0.8,0.3,-0.1,-8.2,0.8,0.1,2.4,-3,4.3,0.8,-1.5,1.5,-2.6,0.6,2.8,0,-1.1,-1.8,1.7,0,0.6,-0.8,0.8,1.3,-0.6,0,1.1,0.1,0.1,1,0.6,0.6,-1.7,-0.7,0.1,0.2,-0.6,0.1,-0.6,-0.1,7.9,-0.2,0.1,-4.1,-3.3,-1.1,1.9,-1.6,-0.3,-0.7,-0.2,-3.8,2.5,0.1,3,1.3,0.2,-4.1,1,-0.3,-3,1.3,0.7,-0.4,0.5,-0.6,-0.1,-6.8,2,-0.7,-1.1,-0.5,-0.7,-0.1,-0.5,0.2,0.2,0.4,2.2,-0.5,0.2,0,-3.9,-4.6,0.3,-0.3,-0.3,-1.5,-0.7,4,0,-0.9,5,-0.1,0,1.1,0.8,0.2,2.1,0.8,0.2,-0.5,-0.6,-3.2,0.2,-3,-0.5,-0.3,-1.8,0.7,1,-3,-1.2,-5.5,-5.5,4.1,0.4,-0.1,-0.9,1.6,0.2,-1.4,-3.5,-0.3,-0.1,0.4,0.6,1.1,2.8,-0.1,-0.5,0.6,-7,-0.2,-1.1,4.9,-0.2,0,3.2,2.7,-3.7,-1.1,-0.8,1.8,1,-0.4,-2.4,0.2,-1.2,2.2,0.5,1,-1.2,0.2,-0.2,-0.2,0.1,0,-1,0.8,-1.3,-0.8,-0.4,0.4,-2.5,0,-5.1,-1.3,0.1,0.6,-2.7,-5.7,-2.6,-0.9,-1.3,2.7,0.1,1.3,0,2,1.7,1.7,-5.1,-0.4,-0.7,-0.1,3.2,0.8,0.2,-1.7,0.2,-0.1
7,Temp_7,-2.5,-0.6,0.2,0.1,-0.4,1.5,-0.9,0.6,-0.8,-1.4,-7.6,-7.6,0.2,-0.2,4.1,-0.1,0.7,1.8,0.5,-2.2,-3.5,0.2,1.2,1.2,0,0,0.2,0.1,0,-0.2,0.2,0.3,-0.2,1.3,-3.4,-1.1,2,-3.5,0,-0.9,-3.9,-1.9,-2.8,1.6,2.6,0.7,1.2,1.2,1.6,-0.2,1.8,-0.6,-0.8,-0.2,0.2,0,0.1,1,0.4,-1.1,-0.9,-0.9,0.2,-5.8,-0.7,-5.9,-1.1,-0.3,0.2,0.3,-0.2,-2.3,-1.9,0.1,-1.5,2.8,1.5,-0.9,-0.4,0,-4.3,0,0.2,0.9,0.3,-0.3,-5.2,0.3,0.1,2,-2.8,0.6,0.7,-0.4,1.9,-1.8,0.6,1.4,0,-0.1,-0.6,0.5,-0.4,1.1,-1.2,1.1,1.8,-0.4,0.1,0.3,0.5,0.5,1,0.3,0.3,-2.7,-0.5,0.2,0.1,-0.7,0.1,0,-0.1,3.3,0,0,-3.5,-4.1,-0.6,2.7,-0.8,-0.2,-0.6,-0.2,-3.3,1.7,0,2.5,0.5,0.2,-3.6,0.4,-0.4,-2.5,0.8,0.6,-0.6,0.4,-0.6,-0.1,-4.9,2.2,-0.4,-0.5,-0.2,-0.5,-0.4,-0.7,0.1,0.2,0.9,2.4,-0.4,0.2,0.1,-3.1,-3.7,0.2,-0.4,-0.3,-2.4,-1.4,-0.1,0,-0.6,1.7,-0.1,0,0.3,0,0.2,1.3,-0.1,0.2,-0.4,-0.4,-2.6,0.1,-1.9,-0.5,-0.4,-1.9,0.4,0.4,-2.6,-0.2,-5.8,-5.8,6.6,0.8,0,-0.7,1.7,0.6,-0.5,-3,0.9,-0.2,0.1,0.1,0.5,2.5,-0.1,-0.3,1.2,-3.9,-0.1,-0.8,3.6,0,-0.1,1.5,2.6,-3.4,-0.4,-0.8,2,0.7,-0.4,-1.7,0.1,-1.5,2,0.2,0.9,-0.8,0.1,-0.4,-0.3,0,0,-0.7,0.7,0.1,-0.6,-0.7,0.5,-2.2,0,-4.1,-1,-0.1,0.4,-2.3,-4.1,-2.3,-0.1,-1.4,3,0.1,0.8,0,1.4,3.8,3.8,-5.6,-0.3,-0.6,-0.4,2.8,1.1,0.2,-2,0,-0.2
8,Temp_8,-2.6,-1,0.2,0.1,-1.1,1.2,-0.7,-0.4,-0.6,0.2,-7,-7,0.2,-0.3,4,0.6,0,0.5,-0.8,-3.4,-3.1,0.2,-2.1,-2.1,-0.1,0,-0.8,0.2,0,0.8,-0.8,0.7,0.1,-0.3,-2.7,-1.5,1.7,-1.4,-0.1,-0.6,-2.5,-1.8,-3.1,1.3,2.1,0.9,1.2,2.3,0.3,-0.1,1.9,-1.4,-0.7,0.5,1.1,0.1,0.2,1.2,0.3,-1.3,1.2,-1.7,0,-4.6,-1.1,-5.1,-0.8,-0.1,0,0.3,0.1,-0.8,-1.1,-0.7,-1.2,1.9,1.2,-0.7,-0.4,0,-4.3,0.1,0,0.3,0.2,0.7,-3,0.6,0.1,1.2,-2.9,-0.7,0.6,-0.6,1.6,-0.7,1.1,0.4,0.1,0.2,0.8,0.5,0.3,0.9,-1.2,1,1.4,-0.4,0,0.7,0.3,0.3,0.6,1.3,1.3,-2.5,-1,0.9,0.2,-0.8,0,0.4,0.9,1,0.1,0,-3.1,-2.8,0.4,2.1,0,-0.2,-1,-1,-2.9,1.3,0,1.2,-0.1,0.2,-3.1,-0.4,-0.5,-1.5,0,0.7,-1,-0.3,-0.2,0,-2.3,1.8,-0.2,0.5,-0.6,-0.2,-0.9,-0.4,0.2,0.2,0.7,1.8,-0.4,-0.7,0,-1.8,-1.6,0.3,-0.3,-0.2,-2.7,-1.3,-1.2,0,-0.8,-0.2,0,0,0,-0.3,0.2,1.2,-0.7,0.2,-0.7,-0.3,-2.6,0.1,-1.1,-0.9,-0.7,-1.1,-0.2,-0.1,-3,0.2,-4.6,-4.6,6.6,0.7,-0.1,-0.8,1.6,0.5,0,-2.8,0.7,-0.2,-0.3,0.4,0.1,1.7,-0.1,-0.5,1.6,-2.3,0,0,1.9,-0.3,-0.1,0.2,1.8,-2.4,0,-0.8,1.5,0.4,-0.7,-0.9,0.1,-0.8,1.3,0.1,1.5,-0.1,0.1,-0.5,-0.2,-0.1,0,-0.5,0.6,0.3,-0.3,-1.1,1.2,-2.5,0,-2,-0.7,0,0.3,-0.9,-2.1,-2.5,0,-0.8,2.5,-0.2,0,0.1,1.3,3.1,3.1,-3.6,-0.3,-0.5,0.3,1.1,0.9,0.1,-1.9,-0.1,-0.1
9,Temp_9,-0.9,0.4,0.2,0.2,-1,1.2,-0.8,-0.1,-1,0.7,-7.4,-7.4,0.2,-0.6,4,-0.2,-1.1,-0.4,-0.9,-5.1,-1.3,0.3,-0.4,-0.4,-0.1,0,-3.3,0.2,0,0.8,-3.5,0.2,-0.3,-0.5,-2,-3.6,-1.1,0.9,0.4,-0.3,-1.2,-1.6,-2.5,0.5,1.4,0.6,1.1,2.9,-0.6,-0.5,-0.8,-1.2,-0.4,-0.1,0.6,0,0.3,1.1,0,-0.5,1.9,-1.2,-0.1,-2.9,-0.2,-3.3,-0.5,-0.3,0.1,0.3,-0.3,0.7,0.6,-0.1,-1.8,0.1,1.2,0.3,-0.2,0,-5.1,0.2,-0.2,-2.5,0.1,0.7,-1.1,1.1,0.1,0.4,-1.1,-0.8,0.5,-0.5,0.8,0.4,0.2,-0.5,0.4,-0.2,1.6,0.6,0.5,-0.1,-0.3,0.8,0.8,-0.1,0,0.1,0.2,0.2,0,0.9,0.9,0.5,-0.5,0.4,0.3,-0.9,-0.1,0.8,0.9,-0.4,-0.1,0.1,-1.3,-1.5,1.3,0.2,1,0,-0.3,-0.3,-1.2,0.8,0,0.7,-0.5,0.3,-1.1,0.7,-0.1,-0.2,-0.7,0.5,-0.1,-0.6,1,0,0.1,2.7,-0.1,0,-1.2,0.2,-1,0.4,0.2,0.3,0.5,1,-0.1,-0.1,0,-0.4,0.7,0.4,-0.3,-0.1,-1.6,-1,-1.8,0,-1.2,-0.6,-0.1,0.1,0.3,-0.1,0.2,1.2,-0.1,0.3,-0.6,-0.3,-2,-0.1,-0.2,0.2,-1.2,0.8,-0.3,-0.3,-1.2,0.1,-2.7,-2.7,4.1,0.6,-0.1,-0.6,0.9,0.4,0,-1.5,-1.6,0.2,-1.2,0.7,-0.2,0.7,0,-0.2,1.5,-1.1,-0.2,0.9,0.4,-0.5,-0.1,-0.4,0.6,-0.5,1,-0.8,0.7,0,-1.2,0.3,-0.5,0.4,0.5,-0.7,0.6,0.8,0.1,0,-0.3,-0.3,0,0,0.7,-0.3,0,-0.6,0.6,-0.9,0,0.1,-0.6,-0.1,0.1,1,-0.1,-0.9,0.1,0.5,1.4,0,-0.7,0.2,0.6,1.7,1.7,-0.6,-0.9,-0.5,-0.5,0.2,-0.2,0,-1.6,-0.2,0
10,Temp_10,0.7,0.5,0.2,0.2,-0.8,1.5,-0.7,0.5,-1.2,2.7,-9.9,-9.9,0.2,-0.6,2.5,-1.7,-0.9,-1.3,-2.3,-8.6,-0.6,0.2,0.2,0.2,-0.2,0.1,-5,0.2,0.1,2,-5.7,0,0.2,-0.5,-0.1,-5.5,-3.4,4.3,0.2,0.2,0.9,-1,-2.3,-0.9,0,0.5,0.8,5.2,-1.4,-0.5,-3.2,-0.3,0.5,-1.6,0.6,0.1,0.4,1.2,-0.2,-0.6,2.6,-0.5,-0.3,-0.7,0.1,1.5,-0.3,-0.4,0.1,0.2,-0.5,3.3,2.6,-0.2,-2.2,-1.6,1.5,0.1,0,0,-5.4,0.2,-0.8,-5.6,0.5,1.1,3,1.2,0.1,-0.8,0.3,-2.4,0.7,-0.4,-0.6,0.7,-0.3,-2,0.6,-0.7,2.8,-0.1,1.7,-0.2,-1.3,0.5,-0.6,0.5,0.1,-1,0,0,-0.2,0.2,0.2,-0.9,0.8,-0.3,0.4,-0.6,-0.1,2.7,-0.3,-1.8,-0.9,-0.1,0.5,-1.6,0.9,-1.8,2,0.2,0.6,-0.2,0.4,0.6,-0.1,-1.6,-1.3,0.2,0.8,-0.2,0.1,2.5,-1.4,0.2,0.8,-1,2.6,-0.1,4.1,3.2,-0.1,0.2,-1.8,0.6,-0.9,1.3,0.3,0.2,-0.8,-0.9,-0.8,0,0.2,1.9,3.8,0.5,-0.5,-0.2,-1.1,0.5,-3.1,0,-0.7,-1.5,-0.1,-0.1,0,-1.1,0.2,1.6,-0.2,0.3,-0.3,0.1,-1.7,0.7,-0.1,1.7,-1,3.6,-0.6,-0.5,0,-0.5,0.9,0.9,3.8,0.4,0,-0.7,-0.9,0.2,-0.7,0,-1.9,0.4,-2.1,0.5,-0.4,-0.4,0,0,1.7,2.6,-0.5,2.7,-2.4,-0.4,0,-2.1,-1,2.3,2.5,-0.7,-0.5,0.9,-0.6,2.8,-1.1,1.7,-0.7,-1.4,0.9,3,0,-0.1,-0.1,0.1,0,0.5,0.6,0.4,-0.1,-0.4,0,0,0,3.5,0.7,0.1,-0.5,3.6,3.2,-0.1,-0.4,2.4,-0.4,-0.1,-1.4,0,0.5,1.7,1.7,5.2,-1.4,0.2,-0.4,-1.3,-0.7,0.3,-0.9,-0.4,-0.1
11,Temp_11,2.1,0.5,0,0,-2.1,0.9,-2.1,-0.1,-3.3,5.5,-1.6,-1.6,-1.3,-0.9,0.6,-0.6,-1.7,-4,-5.5,-6.8,0.9,0,-0.3,-0.3,-0.1,0,-7.8,0.2,0,2.7,-10.1,-1.3,-0.7,-2.8,3.8,-6.6,-6.9,6.3,0.7,0.4,2.4,0,-1,-0.6,-0.8,-0.6,-0.3,5.5,-3.9,0.2,-5.1,-0.3,0.6,-0.2,0.1,0,0.8,0.2,0.2,-0.8,6.5,-0.7,-0.5,5.9,0.6,4.4,-1.8,-0.4,-0.8,0.2,0.5,5.4,5.1,-0.2,-1.8,-2.5,0.9,1.5,1.7,0,-6,0,-1.7,-8.5,0.4,2.6,5.5,1,-0.1,-1.5,2.1,-7.5,0.1,0.6,-1.4,4.9,-0.3,-3.5,0.9,-0.1,5.3,-1.4,2.5,1.1,2.1,0.5,-1.2,1.3,0.2,-3.6,0.2,0.2,-1.5,-1.9,-1.9,2.7,0.9,-0.5,0.3,-1,-0.2,2.5,0.2,-4.9,-1.1,0,1.2,0.3,0.8,-4.6,5.4,0.1,1.7,0.7,1,-0.2,-0.2,-2.7,0.5,0.1,1.4,-0.1,0.4,8.3,-3.4,-0.4,1.4,-2.6,2.2,0,5.9,1.3,0.3,0.6,-1.1,1.2,-1.8,1.7,0.4,0.1,-1.3,-2.2,0,0,0.2,2.8,5.9,0.6,-0.5,0.1,-0.7,0.6,-3.6,0,-0.9,-2.7,0,0,0.5,1.4,0.1,1.4,-0.2,0.2,-0.3,0.9,0.8,0.8,1.1,2.3,-1.2,5.2,-2.1,-2,1.5,-0.6,2.1,2.1,2.8,0.5,-0.1,0.5,-1.5,1.2,-1,1.3,-1.4,1.4,-3.6,0.5,-2.1,-1.2,0,0.9,2.8,5,-0.4,3.3,-5.8,0.7,-0.2,-5.3,-1.9,3.6,6.1,-1.1,-2.2,1.1,-0.2,7,-1.4,3.1,-1.5,-2.4,-0.5,6.8,0.1,1.3,0.3,-0.3,0,1.3,-0.3,-0.7,0.5,0.7,-0.6,0.7,-0.1,5.1,1.8,1.2,-1.3,4.6,4.7,1.1,-0.5,5.6,-1.8,-0.7,-3.3,-1.6,-3,1.4,1.4,7.2,-1,1.3,-1,-2.4,-1.6,0.1,0.8,-0.6,0
12,Temp_12,3.8,1.7,-0.1,-0.2,-1.7,0.4,-2.3,-1.6,-3.4,3.1,-0.2,-0.2,-1.1,-0.8,-2,-0.8,-2.1,-6.3,-5.4,-1.9,3.5,0.1,-1.5,-1.5,0,0,-7.2,0.1,0,2.5,-9.9,-2.1,-2.1,-0.7,5.1,-5.8,-8.1,6.8,1.1,0.8,1.2,0.1,0.7,-2.6,-2.9,0.8,-0.3,3.3,-6,-0.1,-4.7,-0.1,0.4,-0.2,0.8,0.1,0.8,-0.6,0.2,-0.8,5.6,-1.4,-0.8,8.2,0.6,3.8,-2.7,-0.5,-0.4,0.1,0.1,5.9,5.8,-1.3,-1.4,-2.3,0.3,1.5,2.5,0,-6.2,-0.1,-2.7,-9.9,0.4,1.2,1.8,0.8,-0.3,-1.4,1,-5.6,-0.4,0.8,-1.7,5.8,0.1,-4,0.8,0.4,3,-1.5,2.6,0.3,3.9,0,-2.1,-0.3,0.1,-4.4,0,0,-1.8,-0.6,-0.6,2.5,1.6,-0.1,0.3,-0.6,-0.2,1.9,0.4,-3.7,-1.1,0.1,0.1,-0.6,1.6,-5.8,4.7,1.4,-0.9,-0.7,-0.3,-0.2,-0.2,-1.9,0.7,0,0.4,-0.8,0.7,9.8,-4.7,-0.6,1.1,-3.7,2.6,0,5.6,1.8,0.2,0.6,-0.6,1.5,-1.6,1.7,0.4,0.1,0,-3.2,0,-1.3,0.1,2.4,6.4,0.6,-0.3,0.5,0.6,0.8,-2.6,-0.1,-1.4,-1.9,0.1,-0.2,1.2,1.1,0.1,0.8,-1.1,0.1,1.1,1.1,3.2,0.3,1.7,1.7,-1.3,6.4,-2.8,-2.6,0.6,-0.6,0.6,0.6,3.3,0.7,0,0.8,-2.3,-1.1,-0.9,0.1,-2.4,1.5,-4.5,1.6,-2.7,-1.1,0.1,0.9,2.2,1,-0.8,2.3,-4,0.9,-0.1,-5.6,-1.5,1.1,6,-1.1,-3.1,0.3,2.4,8.6,-1.7,3.1,-1.2,-2.6,-1.9,7.2,-0.1,3.1,1,-0.5,-0.1,1,-0.7,-1.8,0.8,1.5,-0.5,-0.6,-0.1,5,1.6,1.7,-1.7,4.8,4.4,-0.3,-0.4,6.5,-1,-0.7,-4.5,-1.6,-2.5,2.1,2.1,3.5,-1.4,1.9,-0.5,-1.8,-0.9,-0.5,3.5,-0.6,0
,Wind_Speed,1.43,1.14,1,0.62,1,1,1,0.62,1,1,1,1,1,0.62,0.75,1,1,0.62,0.62,1,1.14,1.14,1,1,1,0.88,1,1,1,1,1,1,1.24,0.62,1,1,1,1.24,1,1,1.14,1,1,0.43,0.43,1,1,1,0.62,1,1,1,1,1,1,0.93,1,1,1,1,1,1,1,1,0.62,1.76,1,1,1.14,1,1.62,1,1.14,0.62,1.62,1,1,1.62,1,1,1.85,1,0.8,1,1,1,1.43,1,1,1.14,1.14,0.62,1,1,1,1,1,0.62,1,1,1.33,1,1,1,1,1,1,0.88,1,1,1,1,1,1.17,1.17,1,2,1,1.14,1,1,1,1,0.62,1.23,0.62,1.24,1.14,1,1,1,1,1,0.62,1.14,1,1.14,0.62,1,1,1.24,0.62,1,1,0.62,1,0.62,0.62,1,1,1.33,1,1,1,1,1,1,1,1,1,1,0.93,1,1,1,1.24,1.14,1,1.62,1,1.43,1,0.62,1,0.54,0.62,1,1,1,1,1.14,1.14,0.62,1,1,1,1,0.54,1,1.62,1,1.14,0.62,1,1.33,1,1.33,1.33,1,1,1,1,0.87,1,1,1.14,1,1,0.62,1.07,1,1,1,1,0.8,1.24,1,1,0.62,1,1,0.62,1.14,1.14,1,1,1,1,1,1,1,1,1,1,1,1,1,1,1,1,1,1,1,1,1,1,1,1,1,1.33,1,1,0.62,1,1.33,1,1.62,1,1.14,1,0.62,1,1,1,1,1.43,1,1.62,1,0.62,1,1,1,1,1
,Solar_Annual,0.98,1.08,0.88,0.89,0.97,0.87,1.08,1.02,1.08,1.11,1.09,1.09,0.98,1,1,0.99,0.94,0.88,1,1.27,1.39,0.92,1.31,1.31,1,1,1.12,1,1,1.02,1.13,1.02,0.87,1.15,0.82,1.12,0.87,0.8,1.02,1.14,0.82,0.99,1.23,1.63,1.49,0.99,0.96,0.98,0.87,0.96,0.88,1.03,1.1,0.99,1,1,0.97,0.98,1.09,1,0.97,1.14,1,0.78,1,0.76,0.94,1,1,0.99,0.95,0.92,1.22,1.07,0.84,0.91,0.85,0.92,1.01,1,1.07,0.98,1.46,1.07,0.99,0.98,1.18,1,1,0.94,0.87,0.99,1,1,1.21,0.86,1.09,0.91,1.02,1.04,0.81,0.96,1.03,1.09,1.06,1.12,1.17,0.89,0.98,1.04,1,1,0.97,1.72,1.72,1.05,1.06,1.07,0.94,1.06,1,0.92,1.08,1.05,1,1.04,1.01,1.26,1.09,1.27,1.04,0.99,1.04,1.14,1.07,0.79,0.99,0.94,1.04,0.97,1.03,1.1,1.05,0.89,0.97,1.08,1.09,0.89,0.94,1,0.62,0.97,1.02,0.96,1.05,0.87,0.81,1.12,1,1.01,1.08,1.45,1.02,1.1,1,0.83,0.71,0.96,0.99,0.91,1.24,0.99,1.22,1,0.93,1.01,1,1,1.31,1.07,0.91,0.88,1.11,1.02,0.99,1,0.97,0.87,1,1.05,0.99,0.93,0.79,0.82,0.82,1.06,1.29,1.29,1.31,1.01,1,0.92,1.34,0.98,1.06,1.1,1.02,0.97,0.85,0.59,0.8,1,1,1.01,1.39,0.74,1.01,0.76,1.09,0.93,1,0.99,0.78,1.04,1.07,0.97,1.29,0.96,0.95,1.03,1.04,1.12,1.05,1.05,1.15,1.02,1,1.01,0.99,0.97,1,1.07,0.99,0.88,1.13,1.04,1.06,1.02,1,0.65,0.89,1.01,0.74,0.92,0.67,1.05,0.97,0.94,0.79,1,0.97,0.99,1.2,1.42,1.42,0.98,0.98,0.99,1.07,0.83,0.96,0.98,0.99,1,0.99
1,Solar_1,1.23,1.07,0.86,0.88,1,1.44,1.51,0.88,1.51,1.18,0.88,0.88,1.08,1,1,1.52,0.97,0.81,0.76,1.05,1.55,0.96,1,1,1,1,1.38,1,1,1,1.36,0.97,0.76,1.54,0.77,1.58,0.34,0.79,1.08,1.07,0.83,1.04,1.67,1.18,0.94,1,0.87,0.99,0.79,0.91,0.46,1.11,1.19,1.52,0.95,1,0.95,0.98,1.06,0.83,1.15,1.62,0.99,1.22,0.89,0.81,1.06,1.02,1,1.03,0.91,0.89,1.18,0.92,1,1.12,1.39,0.81,1.06,1,1.05,0.91,1.03,0.92,0.96,0.75,0.48,1,1.01,1.12,0.83,0.75,0.98,1.01,1.07,1.35,1.04,0.71,1.07,1.1,1.57,0.83,1.03,1.17,0.97,1.29,1.42,1.03,0.97,0.97,1,1,1.05,1,1,0.94,1.08,1.06,0.99,1.11,1,0.93,1.2,0.97,1.01,1.03,0.89,1.14,0.99,1.08,1.12,0.99,1.07,0.96,0.94,1.2,0.91,0.98,0.71,0.96,0.95,1.17,0.99,0.85,0.95,1.06,0.96,0.89,1.03,1,0.68,0.83,1.03,1.59,1.39,0.86,0.75,1.09,1,1,1.12,1.15,1.49,0.94,1,0.81,0.71,0.93,1.01,0.76,1.24,1.09,1.09,1,0.85,0.91,1,1,1,0.87,0.95,1.54,1.09,1.01,0.98,1,0.94,0.82,0.96,1.12,0.9,0.91,0.76,0.77,0.79,1.13,0.96,0.96,10,1,1,0.8,0.95,0.95,1.13,1.02,0.9,0.73,0.81,0.55,0.76,1.65,1,1.09,1.07,1.01,1.04,1.7,1.2,0.86,1,0.68,1.19,1.61,1.29,0.97,1.2,0.96,0.86,1.13,1.06,1.09,1.55,1.03,1.91,1.08,1,1.04,0.98,1.01,1,1,1,0.79,1.12,1.07,1.02,1.02,1,0.69,0.86,1.03,0.71,0.89,0.71,1.01,0.83,0.89,1.28,1,0.95,1,1.35,1,1,1.2,0.99,1.01,0.97,0.79,0.88,0.98,0.83,1,0.99
2,Solar_2,1.13,1.17,0.91,0.92,1.01,1.05,1.16,1,1.16,1.04,1.21,1.21,1.1,0.99,1.01,1.15,1,0.85,0.85,1.32,1.45,0.94,1.39,1.39,1,1,1.06,1,1,1,1.14,1,0.86,1.17,0.91,1.29,0.57,0.76,1.04,1.05,0.79,1.01,1.49,1.5,1.3,0.99,0.97,0.98,0.83,0.95,0.67,0.99,1.03,1.16,0.98,1,0.97,0.98,1.06,0.9,0.97,1.2,1,1.02,1,0.81,0.98,1.01,1,1.01,0.95,0.82,1.22,1.02,0.91,1.03,1.03,0.82,1.03,1,1.05,0.96,1.22,0.95,0.99,0.99,0.97,1,1,1.06,0.78,0.85,0.99,1.03,1.12,1.08,0.98,0.79,1.07,1.07,1.01,0.9,1.02,1.07,0.9,1,1.22,0.87,0.98,1,1,1,1.02,2.05,2.05,0.99,1.23,1,0.94,1.03,1,0.96,1.07,1.01,1.01,1.03,0.86,1.23,0.95,1.14,1,0.99,1.03,1.04,0.9,0.94,0.97,0.96,0.88,0.98,0.91,1.3,1.03,0.72,0.95,1.1,1.06,0.91,1.04,1,0.66,0.93,1.04,1.27,1.21,0.9,0.8,1.09,0.99,1,1.09,1.35,1.12,1.04,1,0.77,0.69,0.97,1.01,0.89,1.06,0.96,1.11,1,0.91,1,1,1,1.47,0.95,0.92,1.06,1.13,1.01,0.98,1,1.03,0.87,1.02,1.13,0.9,0.83,0.8,0.81,0.72,1.06,1.22,1.22,1.84,1.02,1,0.81,1.21,0.96,1.06,1.01,1.06,0.98,0.88,0.52,0.8,1.27,1,1.03,1.28,0.84,1.05,0.87,1.05,0.88,1,0.84,1.02,1.09,1.05,0.99,1.27,1.01,0.97,0.98,1.02,1.09,1.3,1,1.4,0.92,1,1.01,0.99,0.99,1,1.02,1,0.87,1.15,1.06,0.98,1.05,1,0.66,0.92,1.01,0.8,0.85,0.68,1.06,0.9,0.85,1.01,1,0.95,1,1.18,1.92,1.92,0.98,1.01,1,1.02,0.86,0.94,0.99,0.99,1,1
3,Solar_3,0.87,1.08,0.92,0.93,0.99,0.87,1.06,0.95,1.06,1.08,1.22,1.22,1.04,1,1,1.03,0.97,0.93,1.01,1.32,1.09,0.91,1.08,1.08,1,1,1.17,1,1,1,1.12,1.01,0.93,1.09,0.85,1.17,0.82,0.77,1.02,1.03,0.89,1,1.29,1.33,1.19,1,0.99,0.91,0.92,0.96,0.86,1.01,1.02,1.03,0.98,1,0.97,0.99,1.06,1.04,1.02,1.14,1,0.89,0.94,0.93,0.97,0.99,1,1,0.95,0.84,1.17,0.98,0.85,0.96,0.85,0.91,1.01,1,1.05,0.98,1.16,1.03,1.01,0.91,1.25,1,1,0.98,0.92,0.99,1,1.06,1.12,0.95,1.05,0.94,1.04,1.05,0.97,0.96,1.01,1.1,1.01,0.95,0.93,0.91,0.98,1.03,0.99,0.99,1.02,1.35,1.35,1.07,1.09,1.02,0.91,1.03,1,0.93,1.04,1.05,1.01,1.03,1,1.23,1.07,1.15,1.01,1,1.02,1.06,0.99,0.8,0.98,0.93,1.01,0.99,1.01,1.08,1.03,0.79,0.98,1.07,1.02,0.89,0.88,1,0.69,0.99,1.01,0.96,1.13,0.89,0.79,1.09,0.99,1.01,0.94,1.29,1.04,1.01,1,0.78,0.72,0.97,1,0.93,0.99,0.98,1.19,1,0.93,1.02,1,1,1.16,1.08,0.89,0.88,1.08,1.01,1,1,1.01,0.89,1,1.07,0.99,0.79,0.8,0.81,0.92,1.05,1.32,1.32,1.08,1,1,0.91,1.03,0.97,1.05,1.08,1.04,0.9,0.89,0.61,0.8,1.1,1,1.01,1.13,0.87,1.01,0.8,1.08,0.94,1,0.98,0.89,1.12,1.04,0.98,1.2,1.03,0.98,1.03,1.02,1.09,1.14,1.01,1.17,1.01,1,1.01,0.99,0.99,1,0.99,1,0.93,1.05,1.07,1.01,1.06,1,0.69,0.9,1.01,0.81,0.85,0.7,1.06,0.97,0.78,0.89,1,0.98,1,1.17,1.2,1.2,1.14,0.98,0.99,1.06,0.83,0.89,0.99,1.02,1,1
4,Solar_4,1,1.16,0.92,0.93,0.96,0.9,1.04,1.02,1.04,1.14,1.17,1.17,1.01,1,1,0.98,1,0.95,0.97,1.29,1.37,0.89,1.24,1.24,1,1,1.04,1,1,1.01,1.04,1.02,0.88,1.08,0.8,1.05,1.02,0.66,1.02,1.07,0.9,1,1.09,1.72,1.52,0.99,0.98,0.9,0.94,0.96,1,0.99,1.05,0.97,0.97,1,0.97,0.98,1.08,0.93,1.02,1.11,1.01,0.77,1.01,0.84,0.94,1,1,1,0.95,0.85,1.19,1.05,0.9,0.92,0.89,0.91,1.01,1,1.07,0.98,1.3,1.04,1,0.98,1.38,1,1,0.96,0.98,0.94,1,1.03,1.22,0.85,0.96,0.94,1.03,1,0.96,0.99,1.02,1.07,1.02,0.98,1.08,0.9,1,1.05,1,1,1.01,1.14,1.14,1.04,1.12,0.94,0.9,1.03,1,0.9,1.01,1.07,1,1.03,1.02,1.25,0.98,1.25,1.05,1,0.99,1.08,1.08,0.83,0.99,0.9,0.99,1,1.08,1.16,1.06,0.9,0.98,1.09,1.07,0.93,0.87,1,0.58,0.99,1.01,0.9,1.06,0.86,0.82,1.1,0.98,1.01,1.07,1.33,1.02,1.08,1,0.74,0.61,0.97,0.99,0.97,1.25,0.94,1.22,1,1,1.02,1,1,1.17,1.02,0.88,0.91,1.09,1.01,1,1,1.02,0.94,1.01,1.23,0.97,0.82,0.84,0.85,1.05,1.05,1.46,1.46,1.02,1.01,1,0.9,1.47,0.96,1.05,1.13,1.03,0.97,0.89,0.54,0.84,0.99,1,1.01,1.34,0.82,1,0.8,1.07,0.93,1,0.93,0.86,1.02,1.08,0.98,1.29,0.99,0.97,1,1.03,1.1,1.05,1.03,1.08,0.98,1,0.99,0.99,0.97,1,1.03,0.99,0.89,1.05,1.02,0.95,0.98,1,0.57,0.88,1.01,0.8,0.79,0.6,1.02,0.99,0.8,0.86,1,0.98,0.99,1.12,1.23,1.23,1.07,0.96,0.99,1.02,0.85,0.95,0.99,1.01,1,0.99
5,Solar_5,0.95,1.12,0.87,0.89,1,0.81,1.05,1.05,1.05,1.18,1.08,1.08,0.92,1.01,1,1,0.94,0.9,1.09,1.21,1.21,0.92,1.52,1.52,1,1,1.12,1,1,1.02,1.13,1.02,0.9,1.2,0.83,1.1,1.04,0.72,1.03,1.1,0.98,0.98,1.16,1.6,1.45,0.99,0.99,0.96,0.92,0.97,1.04,1.02,1.05,1,0.99,1,0.97,0.99,1.11,1.05,0.96,1.13,1.01,0.79,1.04,0.62,0.91,1,1,1,0.96,0.93,1.19,1.14,0.78,0.86,0.79,0.97,1.01,1,1.08,0.98,1.35,1.12,1,0.99,1.29,1,1,0.88,0.92,1.08,1.01,0.97,1.27,0.89,1.03,1.01,1.01,1,0.85,1,1.03,1.1,1.06,1.11,1.19,0.86,0.99,1.05,1,1,1.01,2.01,2.01,1.05,1.02,1,0.93,1.05,1,0.93,1.02,1.1,0.99,1.04,1.08,1.44,1.07,1.31,1.11,0.99,1,1.21,1.11,0.71,0.98,0.9,1.09,0.97,1.09,1.05,1.1,0.89,0.94,1.11,1.14,0.91,0.93,1,0.6,1,1.02,0.91,1.04,0.88,0.86,1.13,1,1.01,1.14,1.23,1.03,1.18,1,0.8,0.64,0.96,0.97,0.94,1.2,0.97,1.36,1,0.97,1.02,1,1,1.61,1.09,0.9,0.82,1.12,1.02,0.99,1,0.98,0.88,0.97,1.03,1.01,0.91,0.82,0.85,0.93,1.12,1.48,1.48,1.57,1.02,1,0.97,1.35,0.97,1.12,1.16,1.03,0.97,0.86,0.63,0.83,0.91,1,1.02,1.27,0.61,1.02,0.7,1.12,0.96,1,1.09,0.72,1.02,1.13,0.97,1.36,0.92,0.97,0.96,1.04,1.13,0.97,1.05,1.1,0.97,1,0.99,0.99,0.98,1,1.03,1,0.92,1.11,1.04,1.02,0.99,1,0.61,0.92,1.01,0.72,0.89,0.63,1.05,1.02,0.91,0.75,1,0.94,0.99,1.18,1.69,1.69,0.99,0.99,0.99,1.07,0.82,0.93,0.98,0.97,1,0.98
6,Solar_6,0.9,1.11,0.88,0.89,0.91,0.75,1,1.09,1,1.14,0.99,0.99,0.87,1.01,0.99,0.92,0.93,0.93,1.15,1.18,1.25,0.92,1.28,1.28,1,1,1.09,1,1,1.01,1.12,1.05,0.87,1.2,0.8,1.06,1.01,0.92,1.02,1.17,1.06,0.98,1.18,1.75,1.7,0.97,0.96,0.99,0.94,0.96,0.93,1.06,1.13,0.92,1.01,1,0.96,0.98,1.13,1.09,0.91,1.09,1.01,0.7,1.07,0.85,0.88,0.99,1,0.99,0.96,0.98,1.17,1.17,0.87,0.82,0.74,0.93,1.01,1,1.09,0.99,1.66,1.13,1,1.05,1.28,1,1,0.85,1.04,1.16,1,0.97,1.25,0.8,1.09,1.03,0.99,1.01,0.76,1.01,1.02,1.09,1.14,1.15,1.16,0.89,0.99,1.09,1,1,0.95,1.76,1.76,1.1,1.02,1.06,0.94,1.08,1,0.9,1.04,1.09,0.99,1.04,1.3,1.39,1.13,1.3,1.04,0.98,1.04,1.24,1.23,0.71,1,0.91,1.14,0.98,1.25,1.1,1.09,0.9,1,1.08,1.12,0.93,0.98,1,0.68,0.98,1.02,0.88,1.01,0.86,0.96,1.13,1.01,1.02,1.06,1.56,0.95,1.2,1,0.98,0.85,0.94,0.96,0.96,1.37,1.01,1.32,1,0.95,1.03,1,1,1.31,1.16,0.9,0.75,1.09,1.02,0.98,1,0.94,0.88,0.96,1.07,1.02,0.99,0.88,0.94,0.99,1.05,1.5,1.5,1.25,1,1,0.93,1.56,0.98,1.05,1.19,1.04,1.03,0.88,0.63,0.92,0.87,1,1.01,1.52,0.71,1.02,0.65,1.11,0.92,1,1.14,0.62,1.06,1.06,0.97,1.35,0.92,0.94,0.99,1.05,1.13,0.95,1.08,0.99,1.01,1,0.99,0.99,0.96,1,1.1,0.99,0.87,1.14,1.02,1.06,1.03,1,0.75,0.87,1.01,0.74,0.96,0.77,1.06,1.02,1.01,0.63,1,1,0.99,1.08,1.34,1.34,1.14,0.99,0.99,1.08,0.78,0.95,0.99,0.98,1,0.98
7,Solar_7,0.8,1.09,0.89,0.9,0.92,0.76,1.12,1.05,1.12,1.1,1.02,1.02,0.91,1.01,0.99,0.96,0.88,0.89,1.06,1.18,1.31,0.93,1.32,1.32,1,1,1.07,1,1,1.01,1.1,1.04,0.84,1.16,0.82,1.08,0.92,0.92,1.02,1.21,0.86,0.99,1.19,1.96,1.98,0.97,0.96,1,0.9,0.97,0.92,1.07,1.06,0.96,1.01,1,0.96,0.98,1.18,0.94,0.92,1.15,1.01,0.7,1.02,0.88,0.92,1,1,0.99,0.97,0.96,1.19,1.12,0.75,0.8,0.75,0.94,1.01,1,1.12,0.99,1.85,1.08,0.99,1.01,1.29,1,1,0.85,1.02,1.07,1,0.89,1.3,0.8,1.09,0.97,1.01,0.99,0.71,0.97,1.02,1.11,1.09,1.15,1.23,0.86,0.99,1.07,1,1,0.91,1.67,1.67,1.13,1,1.09,0.95,1.09,1,0.89,1.15,1.05,1,1.04,1.2,1.41,1.07,1.4,1.06,0.98,1.07,1.23,1.21,0.73,0.99,0.89,1.14,0.97,1.17,1.08,1.07,0.9,0.96,1.06,1.09,0.9,0.98,1,0.71,1.01,1.03,0.88,1.01,0.85,0.87,1.14,1.02,1.02,1.06,1.82,1,1.17,1,0.92,0.86,0.94,0.97,0.9,1.3,1.03,1.26,1,0.95,1.01,1,1,1.28,1.16,0.92,0.77,1.1,1.02,0.98,1,0.93,0.9,0.93,1.05,1.01,1.01,0.82,0.86,0.97,1.03,1.44,1.44,1.27,1.02,1,0.94,1.66,0.98,1.03,1.22,0.99,1,0.85,0.54,0.84,0.9,1,1,1.78,0.77,1.02,0.66,1.09,0.94,1,1.09,0.65,1.14,1.07,0.95,1.38,0.98,0.94,1.04,1.06,1.14,0.98,1.07,1.13,1.03,1,1.01,0.99,0.97,1,1.15,0.99,0.84,1.17,1.03,1.07,1.08,1,0.77,0.86,1,0.75,1.01,0.78,1.1,0.91,1.04,0.68,1,0.96,0.99,1.16,1.34,1.34,1.03,0.99,0.99,1.07,0.76,0.93,0.99,0.98,1,0.98
8,Solar_8,0.9,0.93,0.87,0.89,0.94,0.79,1.09,1,1.09,1.03,1.01,1.01,0.88,1.01,0.99,0.94,0.95,0.93,0.99,1.33,1.42,0.96,1.35,1.35,1,1,1.09,1,1,1.03,1.17,1.03,0.9,1.11,0.76,1.09,0.91,0.88,1.02,1.15,0.8,0.98,1.11,1.81,1.7,0.99,1,1.04,0.92,0.97,0.9,1.05,1.07,0.93,1.02,1,0.97,0.99,1.09,1.07,0.94,1.07,1.01,0.71,0.98,0.7,0.92,1.01,1,0.99,0.96,0.98,1.2,1.05,0.87,0.85,0.78,0.98,1.01,1,1.06,0.99,1.61,1.13,1.01,1.04,1.32,1,1,0.93,0.81,1.01,1.01,0.96,1.2,0.79,1.15,0.97,1,1.03,0.73,0.99,1.04,1.1,1.11,1.26,1.2,0.96,0.98,1.05,1,1,0.96,1.99,1.99,1.09,0.87,1.12,0.97,1.07,1,0.96,1.08,1.03,1,1.03,0.97,1.25,1.15,1.28,0.98,0.99,1.08,1.13,0.99,0.73,0.99,0.9,1.13,0.97,0.95,0.94,1.04,0.93,0.97,1.08,1.01,0.86,1.03,1,0.61,0.97,1.01,0.86,0.96,0.88,0.78,1.09,1.01,1.01,1.15,1.45,0.98,1.08,1,0.86,0.75,0.96,0.96,0.93,1.15,1.02,1.13,1,0.93,1.02,1,1,1.31,1.12,0.93,0.8,1.06,1.02,0.99,1,0.92,0.89,0.96,0.79,1.01,1.02,0.78,0.79,0.77,1.07,1.31,1.31,1.36,1.03,1,0.99,1.6,0.98,1.07,1.02,1.04,1.02,0.83,0.55,0.78,0.98,1,1.01,1.39,0.73,1.01,0.72,1.06,0.96,1,1.03,0.77,0.95,1,0.97,1.25,0.89,0.99,0.97,1.04,1.09,1.01,1.06,1.15,0.99,1,1,0.99,0.96,1,1.14,1,0.9,1.12,1.04,1.1,0.86,1,0.66,0.93,1,0.73,0.98,0.68,0.9,0.99,1.04,0.79,1,0.97,0.99,1.3,1.43,1.43,0.87,0.98,0.99,1.08,0.82,0.98,0.97,0.98,1,0.98
9,Solar_9,1.11,0.98,0.86,0.87,1.04,1.03,1,1.02,1,1.03,1.04,1.04,1,1.01,1,0.95,0.89,0.78,0.94,1.4,1.57,0.92,1.45,1.45,1,1,1.15,1,1,1.04,1.17,1.03,0.91,1.08,0.7,1.15,0.77,0.8,1.03,1.27,0.67,0.98,1.15,1.4,1.25,0.99,0.95,0.94,0.77,0.96,0.84,1.05,1.24,0.94,1.02,1,0.97,0.97,1.04,1.01,0.92,1.08,1,0.65,1,0.63,0.95,0.98,1,0.99,0.96,0.92,1.24,1.05,0.86,1.04,1.01,0.99,1.01,1,1.03,0.98,1.35,1.09,0.99,1.06,0.91,1,1,1.04,0.78,0.92,0.99,1.1,1.19,0.78,1.22,0.85,1.02,1.11,0.73,0.96,1.05,0.95,1.02,1.24,1.3,0.94,0.97,1.06,0.99,0.99,0.9,2.68,2.68,0.99,0.96,1.2,0.94,1.07,1,0.88,1.16,1.04,1,1.04,0.94,1.05,1.2,1.3,0.94,0.99,1.09,1.16,1.05,0.95,0.99,1.02,0.99,0.96,0.97,0.95,1.04,1.01,0.9,1.09,1.13,0.88,0.9,1,0.57,0.95,1,0.92,0.96,0.89,0.8,1.12,1.01,1.02,1.08,1.33,1,1.09,1,0.83,0.71,0.95,0.99,0.87,1.31,1,1.1,1,0.89,1.02,1,1,1.35,1.01,0.9,1.03,1,1.02,0.99,1,0.92,0.85,1.13,0.88,0.98,1.05,0.79,0.81,0.7,1.04,0.87,0.87,1.66,1.01,1,1,1.35,1.02,1.04,1.04,1.03,1.04,0.8,0.71,0.8,1.03,1,1.02,1.26,0.71,0.99,0.84,1.08,1,1,0.94,0.8,0.94,0.96,0.96,1.27,0.9,0.94,1.04,1.05,1.12,1.05,1.07,1.17,1.02,1,1.02,0.99,0.95,1,1.15,0.99,0.93,1.18,1.01,1.17,0.99,1,0.6,0.83,1.01,0.69,0.95,0.63,1.04,1,1.03,0.79,1,0.9,0.99,1.41,1.69,1.69,0.76,0.96,0.98,1.09,0.92,1.03,0.97,0.99,1,0.98
10,Solar_10,1.21,1.14,0.82,0.84,0.99,0.94,1.07,1.04,1.07,1.11,1.26,1.26,1.05,0.99,1.01,1.07,0.91,0.71,0.91,1.47,1.74,0.94,1.67,1.67,1,1,1.16,1,1,1.01,1.14,0.99,0.83,1.12,1,1.14,0.75,0.77,1.03,1.19,0.4,0.99,1.42,1.83,1.65,0.99,0.86,1.07,0.71,0.95,0.89,1.01,1.17,1.05,1.04,1,0.97,0.93,1.04,0.96,0.96,1.19,0.98,0.89,1.02,0.4,0.97,0.99,1,1,0.95,0.99,1.34,1.06,0.78,1.14,0.89,0.85,1.02,1,1.03,0.97,1.73,0.93,0.95,0.95,0.6,1,1.01,1.12,0.62,0.91,0.97,1.09,1.13,0.9,1.18,0.74,1.04,1.12,0.46,0.86,1.03,1.06,1.06,1.04,1.2,0.87,0.97,0.98,0.99,0.99,0.97,2.75,2.75,0.98,1.21,1.16,0.96,1.04,1,0.95,1.15,0.99,1.01,1.04,0.78,0.85,1.16,1.23,1.04,0.98,1.07,1.18,0.99,0.77,0.97,1.09,0.95,0.95,0.85,1.23,1.04,0.9,0.94,1.06,1.17,0.82,0.75,1,0.45,0.92,1.01,1.22,1.12,0.91,0.64,1.15,1.02,1.02,1.02,1.67,1.12,1.09,1,0.75,0.61,0.97,1,0.8,1.43,0.99,1.1,1,0.88,0.97,1,1,1.59,1.02,0.91,0.98,1.21,1.02,0.98,1,1.06,0.84,1.09,1.1,0.98,0.96,0.6,0.65,0.47,1.01,0.58,0.58,2.03,1,1,0.84,1.3,0.99,1.01,1.02,0.99,0.94,0.78,0.63,0.63,1.13,1,1.02,1.57,0.6,0.99,0.74,1.05,0.89,1,0.89,0.97,0.87,1.07,0.97,1.14,1.04,0.86,1.15,1.03,1.15,1.07,1.01,1.25,1.15,1,1.04,0.99,1.01,1,1.01,0.97,0.86,1.17,1.17,1.14,1.1,1,0.49,0.93,1.01,0.62,1,0.51,1.15,0.94,1.01,0.92,1,0.94,0.99,1.27,2.23,2.23,0.58,0.95,0.99,1.13,0.94,1.05,0.98,0.98,1,0.99
11,Solar_11,1.12,1.12,0.85,0.86,1,1.17,1.54,1.06,1.54,1.22,1.23,1.23,1.11,0.98,1.01,1.23,0.9,0.79,0.97,1.36,1.52,0.94,1.11,1.11,1,1,1.65,1,1,1,1.52,0.96,0.79,1.35,0.93,1.49,0.34,0.74,1.04,1.08,0.34,1.02,2.24,1.69,1.5,0.97,0.78,1.22,0.77,0.92,0.42,1,1.23,1.22,1.04,1,0.97,0.92,1.12,0.96,1.08,1.42,0.99,1.01,1.03,0.38,1.08,0.98,1,1.01,0.91,0.95,1.41,1.08,0.82,1.37,1.11,0.81,1.04,1,1.08,0.94,1.74,1,0.91,0.65,0.29,1,1.02,1.27,0.53,0.96,0.95,1.11,1.22,1.03,1.23,0.78,1.05,1.11,0.38,0.83,1.02,1.27,1.02,1.15,1.11,0.79,0.95,0.94,0.99,0.99,1,800,800,1.03,1.2,1.23,0.95,1.05,1,1.04,1.1,0.97,1.02,1.07,0.73,0.49,1.16,1.28,1.19,0.96,1.06,1.13,1,1.04,0.93,1.34,0.87,0.96,0.83,1.3,1,0.95,1.04,1.08,1.25,0.86,0.98,1,0.5,0.8,1.01,1.5,1.36,0.88,0.64,1.22,1.02,1.02,1.19,1.66,1.2,1.12,1,0.72,0.53,0.95,1.02,0.69,1.32,0.93,1.15,1,0.8,0.9,1,1,1.09,1.04,0.92,1.23,1.38,1.02,0.96,1,1.17,0.72,1.06,1.25,0.9,0.91,0.63,0.66,0.35,1.07,0.32,0.32,536.1,1.01,1,0.79,0.98,0.99,1.07,1.06,0.9,0.63,0.84,0.66,0.64,1.38,1,1.04,1.62,0.66,0.98,0.99,1.1,0.86,1,0.96,1.03,0.94,1.22,0.96,1.35,1.04,0.84,1.34,1.04,1.22,1.32,1.04,1.75,1.3,1,1.07,0.99,1.05,1,1.06,0.97,0.83,1.13,1.19,1.17,1.11,0.99,0.53,1.04,1.02,0.67,0.96,0.55,1.18,0.89,0.93,1.02,1,1.04,0.99,1.55,196.7,196.7,0.54,0.95,1,1.09,1.04,0.98,0.99,0.92,1.01,1
12,Solar_12,1.18,1.12,0.78,0.81,1.05,1.9,137.6,0.81,137.6,1,1,1,1.21,1,1,1.48,0.91,0.68,0.75,1,1.72,0.93,1,1,1,1,1.36,1,1,1.04,1.39,0.98,0.6,5.33,0.71,1.69,0.1,1.04,1.04,1.14,0.51,1,2.08,1.41,1.2,1,0.9,1.09,0.67,0.94,0.25,1.1,1.36,1.49,1.05,1,0.95,1,1.04,0.95,1.26,5.25,0.98,1.09,0.81,1.23,1.04,1.01,1,1,0.95,1.07,1.44,0.9,1.14,1.13,1.73,0.98,1.06,1,1.01,0.91,1.36,0.55,0.97,0.78,0,1,1.01,1.27,0.65,0.71,0.98,1.07,1.1,1.27,1.26,0.65,1.05,1.09,1.1,0.83,1.06,1.22,1.21,1.22,1.4,0.96,0.95,0.97,1,1,0.96,1,1,0.86,1.23,1.26,0.97,1.12,1,0.97,1.24,0.02,1.02,1.06,0.94,0.06,1.18,1.14,21.8,0.98,1.08,0.97,1.1,1.16,0.48,1.17,0.67,0.94,0.97,1.26,0.94,0.95,0.99,1.23,1.04,0.78,1.04,1,0.68,0.75,1.02,2.05,1.71,0.86,0.6,1.17,1.03,1.02,1.11,1.49,1.38,0.96,1,0.89,0.75,0.92,1.05,0.6,1.28,1.07,0.02,1,0.76,0.27,1,1,1,0.86,0.9,2.04,1.22,1.03,0.97,1,0.93,0.73,1.1,1.39,0.93,1.09,0.59,0.62,0.49,1.08,0.02,0.02,1,1.01,1,0.96,0.92,0.97,1.08,1.24,0.96,0.73,0.72,0.48,0.6,1.92,1,1.09,1.35,1.05,1.03,1.73,1.91,1,1,0.73,1,4.98,41.2,0.96,1.18,1.05,0.88,1.53,1.07,1.17,1.88,1.04,264.6,1.4,1,1.08,0.99,1,1,0.95,1.01,0.65,1.27,0.97,1.19,1.09,0.99,0.68,0.86,1.03,0.54,1,0.72,1.09,0.79,1.1,1.06,1,0.99,0.99,5.4,1,1,2.28,0.98,1,1.16,0.73,0.92,0.97,1,1.01,0.99
